theta_deg,moment_mts_centered_nm,moment_mts_refit_cubic_nm,moment_paper_f0_nm,moment_paper_f500_nm,moment_diff_mts_minus_paper_f0_nm,moment_diff_mts_minus_paper_f500_nm
-12.25875992889175,-7.966,-7.002501759957964,-66.91475742651414,-88.36758730207471,58.94875742651414,80.40158730207472
-12.259829818055827,-7.934815631262525,-7.004423863056484,-66.9291082816986,-88.3838104632963,58.99429265043608,80.44899483203378
-12.260393524445155,-7.90363126252505,-7.005436735776508,-66.93667034778824,-88.39235901556725,59.033039085263184,80.4887277530422
-12.26043793396118,-7.872446893787576,-7.005516535574241,-66.93726612187838,-88.39303250631045,59.064819228090805,80.52058561252286
-12.25932336999475,-7.841262525050101,-7.003513960497434,-66.92231482767848,-88.37613072516929,59.08105230262838,80.53486820011919
-12.256768523985226,-7.810078156312626,-6.9989251015326275,-66.88805150072992,-88.33739641770406,59.07797334441729,80.52731826139143
-12.25277339593261,-7.77889378757515,-6.991753537268122,-66.83449638909933,-88.2768498319814,59.05560260152418,80.49795604440624
-12.24598105806859,-7.747709418837675,-6.979572636782952,-66.74351156506242,-88.17397841668244,58.99580214622475,80.42626899784477
-12.23704834575811,-7.7165250501002,-6.963576084850101,-66.6239846920231,-88.03881929709979,58.9074596419229,80.32229424699959
-12.226743948756713,-7.685340681362725,-6.945155214888134,-66.48628511976284,-87.8830870300871,58.800944438400116,80.19774634872437
-12.21524797769821,-7.6541563126252505,-6.92464471200191,-66.3328916787738,-87.70957563974568,58.67873536614856,80.05541932712043
-12.203488341693864,-7.622971943887776,-6.903707950009947,-66.17623017215854,-87.5323347701228,58.553258228270764,79.90936282623503
-12.191622111082703,-7.591787575150301,-6.882626625500841,-66.0184047619774,-87.35374345637211,58.426617186827094,79.76195588122181
-12.179651965318337,-7.560603206412826,-6.861406655812452,-65.85945770995058,-87.17384864925766,58.29885450353775,79.61324544284484
-12.167513657720786,-7.529418837675351,-6.839935671725649,-65.69854461332287,-86.99169351433424,58.169125775647515,79.4622746766589
-12.155806562587653,-7.498234468937876,-6.819272316449981,-65.54360234543344,-86.81626382996183,58.04536787649557,79.31802936102395
-12.14481198847957,-7.467050100200401,-6.7999066581438266,-65.39831749357752,-86.65173847341677,57.93126739337712,79.18468837321637
-12.134529935396543,-7.435865731462926,-6.781831112966757,-65.26264710087557,-86.49807448781952,57.82678136941264,79.0622087563566
-12.124960403338564,-7.4046813627254515,-6.765038600423213,-65.13655104554296,-86.35523175138545,57.7318696828175,78.95055038865999
-12.11610339230564,-7.373496993987976,-6.749522540979095,-65.01999203060133,-86.22317296713621,57.64649503661335,78.84967597314824
-12.107958902297764,-7.342312625250501,-6.735276853843485,-64.91293557430267,-86.10186365332375,57.570622949052165,78.75955102807325
-12.100346822681132,-7.311128256513026,-6.721981587338949,-64.8129862996606,-85.98859323935258,57.501858043147564,78.67746498283955
-12.092617079974419,-7.279943887775551,-6.708499751311777,-64.71159961398943,-85.87367950394467,57.43165572621388,78.59373561616913
-12.084897218952332,-7.248759519038076,-6.695054186117828,-64.61045064427967,-85.75902077744624,57.36169112524159,78.51026125840816
-12.077200926195696,-7.217575150300601,-6.681668591966419,-64.50971795616209,-85.64481957700455,57.29214280586149,78.42724442670395
-12.069605562483039,-7.1863907815631265,-6.6684770462863,-64.41041143002066,-85.53222116436598,57.22402064845753,78.34583038280286
-12.062151430125917,-7.155206412825652,-6.655548654926463,-64.31305296063323,-85.42181796335359,57.15784654780758,78.26661155052794
-12.054838529124329,-7.124022044088177,-6.64288239970276,-64.21763677942363,-85.3136042053912,57.09361473533545,78.18958216130302
-12.047666859478277,-7.092837675350702,-6.630477282882912,-64.12415723212149,-85.20757423620847,57.03131955677079,78.11473656085776
-12.040636421187758,-7.061653306613227,-6.6183323271198935,-64.03260877847461,-85.10372251555319,56.97095547186139,78.04206920893996
-12.033747214252775,-7.030468937875751,-6.606446575386642,-63.942985991967134,-85.00204361690949,56.91251705409138,77.97157467903374
-12.026999238673325,-6.999284569138277,-6.594819090912007,-63.85528355954298,-84.9025322272213,56.85599899040471,77.90324765808302
-12.02039249444941,-6.9681002004008015,-6.583448957118034,-63.76949628133524,-84.80518314662172,56.80139608093444,77.83708294622092
-12.013926981581033,-6.936915831663327,-6.572335277558487,-63.68561907040072,-84.70999128816753,56.74870323873739,77.7730754565042
-12.007475155293474,-6.905731462925852,-6.561258325687224,-63.60199452338659,-84.61507604515016,56.69626306046074,77.7093445822243
-12.001023329005916,-6.874547094188377,-6.550194553240259,-63.51844496914711,-84.52023579490746,56.64389787495873,77.64568870071909
-11.994516597755934,-6.843362725450902,-6.539049968059315,-63.43426032615682,-84.4246643722297,56.590897600705915,77.5813016467788
-11.987232344549083,-6.812178356713427,-6.526589543367784,-63.3401064414354,-84.3177630443963,56.52792808472198,77.50558468768287
-11.979092602106096,-6.780993987975952,-6.512685556847601,-63.23500770406643,-84.1984197577521,56.45401371609048,77.41742576977616
-11.970097370426972,-6.749809619238477,-6.497344590554471,-63.11900161102177,-84.06667200926897,56.369191991783296,77.3168623900305
-11.96024664951171,-6.7186252505010025,-6.480573908285784,-62.99212955689995,-83.92256119354545,56.27350430639895,77.20393594304444
-11.949540439360312,-6.687440881763528,-6.462381452574738,-62.85443682095048,-83.76613258983103,56.166995939186954,77.07869170806751
-11.937978739972774,-6.656256513026053,-6.4427758413986265,-62.70597255286419,-83.59743534781654,56.04971603983814,76.94117883479049
-11.9255615513491,-6.625072144288577,-6.421766364601249,-62.546789757329634,-83.41652247219056,55.921717613041054,76.79145032790198
-11.912662280627538,-6.593887775551103,-6.399992510209474,-62.38171929016482,-83.22887828126301,55.787831514613714,76.6349905057119
-11.899392019000384,-6.562703406813627,-6.3776469011175845,-62.21221195307437,-83.03614798632505,55.64950854626075,76.47344457951142
-11.885750766467641,-6.531519038076152,-6.354734096722642,-62.038293850109476,-82.83835769142784,55.50677481203332,76.30683865335169
-11.871793427991735,-6.500334669338677,-6.331350638416586,-61.860689737736955,-82.63632823672249,55.36035506839828,76.13599356738382
-11.858242620567104,-6.4691503006012026,-6.308706504102871,-61.68859110221077,-82.4405156882032,55.21944080160957,75.971365387602
-11.84517631147302,-6.437965931863728,-6.286926261036542,-61.5229555940221,-82.25201413909988,55.08498966215837,75.81404820723616
-11.832552633590591,-6.406781563126253,-6.2659343794307745,-61.36321978889437,-82.0701868976779,54.95643822576812,75.66340533455164
-11.820371527644667,-6.375597194388778,-6.245725478363653,-61.20935284555132,-81.89500301892949,54.83375565116255,75.51940582454071
-11.808632993635243,-6.344412825651303,-6.226294471196745,-61.06132577363083,-81.7264335124925,54.71691294797952,75.3820206868412
-11.797337031562318,-6.313228456913828,-6.207636465559143,-60.91911067688905,-81.5644504821231,54.60588221997522,75.25122202520927
-11.786483641425896,-6.282044088176352,-6.18974676229766,-60.782680748668696,-81.40902712116402,54.50063666049235,75.12698303298767
-11.775699416087726,-6.250859719438878,-6.17200721922272,-60.64732704731385,-81.25480102546737,54.39646732787497,75.0039413060285
-11.764873264355513,-6.219675350701403,-6.154234921009003,-60.51165430808012,-81.10018252070226,54.29197895737872,74.88050717000085
-11.75391087699701,-6.188490981963928,-6.136275907609534,-60.37448562158323,-80.943829656328,54.1859946396193,74.75533867436408
-11.742737841013735,-6.157306613226453,-6.118009999208853,-60.234899821565726,-80.78469104333976,54.07759320833927,74.62738443011331
-11.731354156405686,-6.126122244488978,-6.099439333168256,-60.09290920474567,-80.62277897845563,53.9667869602567,74.49665673396665
-11.719759823172865,-6.094937875751503,-6.080566083029221,-59.94852628190635,-80.45810597245887,53.85358840615484,74.36316809670737
-11.707996708434164,-6.063753507014028,-6.061460383013261,-59.802283845392985,-80.29127808515277,53.73853033837896,74.22752457813874
-11.696064871464738,-6.032569138276553,-6.042124112097482,-59.65419291711092,-80.1223064421742,53.62162377883436,74.08973730389765
-11.683934100044134,-6.0013847695390785,-6.0225102815887785,-59.50388989738872,-79.95077457246595,53.50250512784964,73.94938980292687
-11.671263253815823,-5.970200400801604,-6.002071423497574,-59.3471716244122,-79.77188231858989,53.376971223610596,73.80168191778829
-11.658052332779809,-5.939016032064128,-5.980813769568269,-59.18407392606163,-79.5856655084263,53.2450578939975,73.64664947636217
-11.64429313897227,-5.907831663326654,-5.958730662847728,-59.01453318026642,-79.39204617346789,53.106701516939765,73.48421451014124
-11.629871561138444,-5.876647294589178,-5.935646539068459,-58.83718692873434,-79.18946216072662,52.960539634145164,73.31281486613744
-11.614881908510569,-5.845462925851704,-5.911720374621315,-58.65324108341078,-78.97928442330428,52.80777815755907,73.13382149745257
-11.599398594087129,-5.814278557114228,-5.887078110321001,-58.46365009526947,-78.76259763492195,52.64937153815524,72.94831907780772
-11.583421617868128,-5.783094188376754,-5.861726613732565,-58.268453580882515,-78.53944141215175,52.48535939250576,72.756347223775
-11.566950979853566,-5.751909819639279,-5.835672952500269,-58.067692338423626,-78.30985655316736,52.315782518784346,72.55794673352808
-11.550219856072406,-5.720725450901804,-5.8092914634703945,-57.86424033610373,-78.07712508423043,52.143514885201924,72.35639963332862
-11.533444025232972,-5.689541082164329,-5.782924554440907,-57.66073414565783,-77.84426118981553,51.9711930634935,72.1547201076512
-11.516653699555716,-5.658356713426854,-5.756620017421099,-57.45754224101283,-77.61168621523534,51.799185527585976,71.95332950180848
-11.500199843243198,-5.627172344689379,-5.730925117740385,-57.25889728943502,-77.38424701511062,51.63172494474564,71.75707467042123
-11.484247739972993,-5.595987975951904,-5.706091618761143,-57.06675836231061,-77.16419190726334,51.4707703863587,71.56820393131144
-11.468805587708918,-5.564803607214429,-5.682124875265725,-56.88118170117524,-76.95159147966584,51.31637809396081,71.38678787245141
-11.453987497705741,-5.533619238476954,-5.659194007686393,-56.70349278321204,-76.74797090419709,51.16987354473509,71.21435166572013
-11.43979346996346,-5.50243486973948,-5.637290594258632,-56.53364319047172,-76.55328176290777,51.03120832073224,71.0508468931683
-11.426223504482074,-5.471250501002004,-5.616406587455968,-56.37158662854235,-76.36747776138598,50.90033612754035,70.89622726038398
-11.413277601261589,-5.44006613226453,-5.596534311466004,-56.21727891565381,-76.19051471786159,50.777212783389274,70.75044858559706
-11.400955760301999,-5.408881763527054,-5.577666459777368,-56.070677972261144,-76.02235055278965,50.66179620873409,70.6134687892626
-11.389024805574339,-5.377697394789579,-5.559440290827437,-55.92897678023066,-75.85977018998575,50.551279385441084,70.48207279519617
-11.377268958370287,-5.346513026052104,-5.541523083873814,-55.789594819358385,-75.69981549650639,50.44308179330628,70.35330247045428
-11.365688218689844,-5.3153286573146294,-5.523912951519006,-55.65252125684764,-75.54247563955487,50.33719259953301,70.22714698224024
-11.35289430204231,-5.284144288577155,-5.504504333875172,-55.501355872144984,-75.36892090071902,50.21721158356783,70.08477661214187
-11.338703704440766,-5.25295991983968,-5.483033726810396,-55.33401658465698,-75.17674806742832,50.0810566648173,69.92378814758864
-11.323116425885212,-5.221775551102205,-5.45951867017374,-55.15060496446239,-74.96605870976151,49.928829413360184,69.7442831586593
-11.306655230504811,-5.190591182364729,-5.434763236492206,-54.95736167055267,-74.74400832393609,49.766770488187944,69.55341714157136
-11.290007938382644,-5.159406813627255,-5.409809312576874,-54.76240483277527,-74.51991872494489,49.60299801914801,69.36051191131763
-11.273174549518714,-5.128222444889779,-5.384659499974154,-54.56574972271405,-74.2938051843718,49.43752727782427,69.16558273948203
-11.256155063913019,-5.097038076152305,-5.359316421331205,-54.36741174821673,-74.06568311006451,49.27037367206442,68.96864503391221
-11.238949481565559,-5.0658537074148295,-5.333782720129777,-54.16740645224599,-73.83556804498572,49.10155274483116,68.76971433757089
-11.22155780247633,-5.0346693386773556,-5.308061060417064,-53.96574951171759,-73.60347566605117,48.931080173040236,68.5688063273738
-11.203980026645342,-5.00348496993988,-5.282154126533682,-53.762456736326186,-73.36942178295553,48.75897176638631,68.36593681301565
-11.186216154072584,-4.972300601202405,-5.2560646228386005,-53.55754406735777,-73.1334223369848,48.58524346615536,68.16112173578239
-11.169644645402736,-4.94111623246493,-5.231809290791846,-53.366867599893254,-72.91374572934804,48.425751367428326,67.9726294968831
-11.15428372094513,-4.909931863727455,-5.209397262588193,-53.19053531803164,-72.71053182968562,48.280603454304185,67.80059996595817
-11.14013338069977,-4.87874749498998,-5.188812199640078,-53.028452434016,-72.52368585024061,48.14970493902602,67.64493835525063
-11.126427183027264,-4.847563126252505,-5.16892865221776,-52.87177908763934,-72.34302665793706,48.02421596138684,67.49546353168455
-11.112519835434425,-4.8163787575150305,-5.148808942101101,-52.71313012938843,-72.16003984139867,47.8967513718734,67.34366108388365
-11.09842729188224,-4.785194388777555,-5.128478401063043,-52.55270077634818,-71.9749485371421,47.76750638757063,67.18975414836454
-11.084149552370711,-4.754010020040081,-5.107939207896949,-52.39050383842274,-71.78776555507147,47.63649381838266,67.03375553503139
-11.069686616899835,-4.722825651302605,-5.087193564320002,-52.22655226921365,-71.59850384878837,47.50372661791104,66.87567819748577
-11.055038485469618,-4.691641282565131,-5.066243694749643,-52.06085916505483,-71.40717651462666,47.3692178824897,66.71553523206153
-11.040205158080054,-4.660456913827655,-5.0450918460770495,-51.893437764034665,-71.21379679067476,47.232980850207014,66.5533398768471
-11.024892315873995,-4.62927254509018,-5.023322506155034,-51.72099064126711,-71.0145521940466,47.091718096176926,66.38527964895643
-11.009006183840606,-4.5980881763527055,-5.000809203473297,-51.542501815066984,-70.80826263678804,46.94441363871428,66.21017446043534
-10.992546761979884,-4.566903807615231,-4.977559642542345,-51.358016424455414,-70.59497325792022,46.79111261684018,66.02806945030498
-10.975514050291833,-4.535719438877756,-4.953581782682553,-51.16758113714273,-70.37473072515344,46.63186169826498,65.83901128627568
-10.95815172628668,-4.504535070140281,-4.929225067232768,-50.97395803846319,-70.15072355946488,46.46942296832291,65.6461884893246
-10.94052204874979,-4.473350701402806,-4.904581101748654,-50.777866599983625,-69.92378018529575,46.30451589858082,65.45042948389295
-10.923090817195774,-4.44216633266533,-4.880301364183907,-50.58449012143329,-69.6998990515259,46.14232378876796,65.25773271886058
-10.905781278162817,-4.410981963927856,-4.856276403949913,-50.39296250760026,-69.47807974438518,45.98198054367241,65.06709778045733
-10.8884513976756,-4.3797975951903805,-4.8323081765314955,-50.20170711010667,-69.25649705603897,45.821909514916285,64.87669946084858
-10.871101175734124,-4.3486132264529065,-4.80839682259498,-50.01072499602479,-69.0351520535595,45.66211176957189,64.68653882710659
-10.85373061233839,-4.317428857715431,-4.784542482040402,-49.82001722965877,-68.81404580125096,45.50258837194333,64.49661694353553
-10.83663402634555,-4.286244488977957,-4.761147323676873,-49.63280354957673,-68.59691309568144,45.34655906059877,64.31066860670349
-10.819905192766436,-4.255060120240481,-4.738334899130627,-49.450083086555324,-68.38491717389658,45.195022966314845,64.1298570536561
-10.80354411160105,-4.223875751503006,-4.716099884756688,-49.27182483435344,-68.17802702965528,45.04794908285043,63.954151278152274
-10.786229169926582,-4.192691382765531,-4.692650177757828,-49.083653138373045,-67.95955418574457,44.89096175560751,63.766862802979034
-10.76421368622467,-4.161507014028056,-4.662955464809736,-48.84510828830781,-67.682482239201,44.68360127427976,63.52097522517294
-10.742350681254086,-4.1303226452905815,-4.633600132048562,-48.609001381465234,-67.40811507365989,44.47867873617465,63.2777924283693
-10.715445875386797,-4.099138276553107,-4.597657617588236,-48.319518862674805,-67.0715491446017,44.2203805861217,62.9724108680486
-10.686665649388843,-4.067953907815632,-4.559431880669921,-48.011165268744556,-66.71283015517503,43.94321136092893,62.64487624735939
-10.657610431358567,-4.036769539078156,-4.521073141328456,-47.7012332649993,-66.3520515198768,43.664463725921145,62.31528198079864
-10.62828022129597,-4.005585170340682,-4.4825872677449485,-47.38975860579443,-65.98924899306238,43.38417343545375,61.983663822721695
-10.59867501920105,-3.9744008016032066,-4.443980147804107,-47.07677722918642,-65.62445851278825,43.10237642758321,61.65005771118504
-10.568794825073809,-3.9432164328657313,-4.405257688081547,-46.7623252525614,-65.25771619644057,42.81910881969567,61.31449976357484
-10.538639638914244,-3.9120320641282564,-4.36642581282158,-46.44643896822241,-64.88905833632234,42.534406904094155,60.97702627219408
-10.507751851490477,-3.8808476953907816,-4.32690687006632,-46.1243948672531,-64.51296060736144,42.24354717186232,60.63211291197065
-10.47730340079858,-3.8496633266533067,-4.288203060114531,-45.80842971741003,-64.14371066880754,41.95876639075672,60.294047342154236
-10.45079967717399,-3.818478957915832,-4.254717327784763,-45.534607281498516,-63.823506716553,41.71612832358269,60.00502775863717
-10.42328287348268,-3.787294589178357,-4.220151728904995,-45.251505180052085,-63.49225020864678,41.464210590873726,59.70495561946842
-10.399425204642142,-3.756110220440882,-4.190347105006876,-45.00702609016754,-63.20602019829129,41.25091586972666,59.44990997785041
-10.375847552728727,-3.724925851703407,-4.161041979985948,-44.76630575056337,-62.92403896783864,41.04137989885996,59.19911311613524
-10.351091523619417,-3.6937414829659323,-4.130431928718261,-44.51450409700748,-62.62891426334146,40.82076261404155,58.935172780375524
-10.325255381333287,-3.6625571142284574,-4.09866031730144,-44.2527514136827,-62.32194833101595,40.59019429945425,58.6593912167875
-10.298722312229359,-3.6313727454909825,-4.066216060693868,-43.98503605386233,-62.00780010026371,40.353663308371345,58.37642735477272
-10.271276680587285,-3.6001883767535077,-4.032851929675079,-43.70928120739495,-61.6840153984227,40.109092830641444,58.083827021669194
-10.242891654648233,-3.569004008016032,-3.9985548238406734,-43.42533470271782,-61.35039509835222,39.85633069470179,57.78139109033619
-10.214024843644093,-3.537819639278557,-3.9638928281143513,-43.137865813846076,-61.01240929022324,39.60004617456752,57.47458965094468
-10.184825922501606,-3.506635270541082,-3.92905417092483,-42.848417085426966,-60.67186244980478,39.341781814885884,57.165227179263695
-10.155536182403678,-3.4754509018036073,-3.89433082953151,-42.559406084530664,-60.3315944037371,39.08395518272706,56.856143501933495
-10.126155623350314,-3.4442665330661324,-3.859724119410769,-42.27084195976562,-59.99161430062867,38.826575426699485,56.547347767562535
-10.097036222129866,-3.4130821643286575,-3.8256459217090013,-41.98616676064792,-59.65598014937518,38.57308459631926,56.242897985046525
-10.076207709883173,-3.3818977955911826,-3.8014049719240957,-41.78335115122604,-59.416714643521594,38.40145335563486,56.034816847930415
-10.054927217607261,-3.3507134268537078,-3.776753509955988,-41.57682791961262,-59.17295055042533,38.22611449275891,55.82223712357162
-10.032971558583002,-3.319529058116233,-3.7514419950761395,-41.364485631544724,-58.92218585906498,38.04495657342849,55.60265680094875
-10.009957546451368,-3.288344689378758,-3.7250430918917337,-41.14270554901238,-58.660131255302275,37.85436085963362,55.371786565923514
-9.986100816932707,-3.257160320641283,-3.697820542114226,-40.91366489847918,-58.38934132811142,37.6565045778379,55.13218100747014
-9.961428201785848,-3.2259759519038083,-3.6698197055304114,-40.677710721550106,-58.11021007467534,37.4517347696463,54.88423412277153
-9.936913261611618,-3.1947915831663325,-3.642151156578844,-40.444188565082214,-57.83378677290254,37.24939698191588,54.63899518973621
-9.912744302249058,-3.1636072144288576,-3.615022288518561,-40.214861970581104,-57.56216449951695,37.05125475615225,54.398557285088096
-9.888921323698169,-3.1324228456913827,-3.5884263191901153,-39.98969075292214,-57.29530306939393,36.85726790723076,54.16288022370255
-9.861109152153528,-3.101238476953908,-3.5575578246857704,-39.727907882258144,-56.98484889852682,36.626669405304234,53.88361042157291
-9.830527626534254,-3.070054108216433,-3.5238399870603327,-39.44141505972077,-56.64483840615571,36.371360951504336,53.57478429793928
-9.788959595438309,-3.038869739478958,-3.4783841613967503,-39.054270729872535,-56.18495002188958,36.01540099039357,53.14608028241062
-9.745466766713626,-3.0076853707414832,-3.4312842275988675,-38.651992898410015,-55.70655974015886,35.64430752766853,52.698874369417375
-9.700211910886853,-2.9765010020040084,-3.382773632257952,-38.236438352288104,-55.2118091963401,35.2599373502841,52.23530819433609
-9.650093957931393,-2.9453166332665335,-3.3296388017402485,-37.77980882309016,-54.66747324947009,34.83449218982362,51.722156616203556
-9.600271357351845,-2.9141322645290586,-3.2774267196852067,-37.32958442445725,-54.13005929982298,34.41545215992819,51.21592703529392
-9.550744109148203,-2.8829478957915837,-3.2261228454056505,-36.885683191746736,-53.59948538275609,34.002735295955155,50.71653748696451
-9.500538652719644,-2.851763527054109,-3.1747218627115696,-36.43940544998437,-53.06534809224375,33.58764192293026,50.21358456518964
-9.45391669143803,-2.820579158316633,-3.1275321931033924,-36.02830475219352,-52.57265896221007,33.20772559387689,49.75207980389344
-9.411188486088431,-2.789394789579158,-3.084739775030057,-35.654337050176025,-52.12391690083078,32.86494226059687,49.33452211125162
-9.371096538071079,-2.7582104208416833,-3.04498206260521,-35.305867330409626,-51.705286272034016,32.54765690956794,48.94707585119233
-9.332109342913439,-2.7270260521042085,-3.0066842759967773,-34.969243121710704,-51.300434471809226,32.2422170696065,48.57340841970502
-9.294643006882922,-2.6958416833667336,-2.9702173038905033,-34.647827218585725,-50.91345248063084,31.95198553521899,48.2176107972641
-9.258173148728021,-2.6646573146292587,-2.935035778606128,-34.3369082869474,-50.53871129722144,31.67225097231814,47.87405398259218
-9.222696588600336,-2.633472945891784,-2.901109738906905,-34.03629579089143,-50.176014820942015,31.402822844999648,47.54254187505023
-9.19131439652646,-2.602288577154309,-2.8713423932391984,-33.77188346061406,-49.85668365453537,31.169594883459755,47.254395077381055
-9.158979330965517,-2.571104208416834,-2.840909050898736,-33.50091730186381,-49.52913113105346,30.929813093446974,46.95802692263663
-9.12569648929174,-2.539919839679359,-2.8098347179126386,-33.223567348681186,-49.19353620494173,30.683647509001826,46.65361636526237
-9.091456814128186,-2.5087354709418843,-2.7781316288827265,-32.93988879286611,-48.849938217590434,30.43115332192422,46.34120274664855
-9.048389102042075,-2.4775511022044094,-2.738633676525362,-32.58542984996248,-48.42011077853611,30.107878747758072,45.942559676331705
-8.996224864977064,-2.4463667334669337,-2.691355652020938,-32.159612132625604,-47.903005646335465,29.71324539915867,45.456638912868534
-8.941076669404275,-2.415182364729459,-2.6420387359147868,-31.713596046129737,-47.36048021758722,29.298413681400277,44.945297852857756
-8.88391907004524,-2.383997995991984,-2.5916414394499925,-31.255817521673443,-46.802675894252616,28.87181952568146,44.41867789826063
-8.831630097561918,-2.352813627254509,-2.546170983512182,-30.84101338395589,-46.296366054689244,28.48819975670138,43.94355242743474
-8.789506146591203,-2.321629258517034,-2.5099775927270627,-30.50960107962282,-45.891236836157425,28.187971821105783,43.56960757764039
-8.745250466736895,-2.2904448897795593,-2.472370503603095,-30.164052430911635,-45.4682407477012,27.873607541132074,43.177795857921645
-8.698863057998997,-2.2592605210420844,-2.433408764365416,-29.80474540172801,-45.02775575322625,27.545484880685926,42.768495232184165
-8.650232712413796,-2.2280761523046095,-2.393061899944877,-29.431222721169966,-44.56912996789411,27.203146568865357,42.341053815589504
-8.598416736237203,-2.1968917835671347,-2.3506299525209764,-29.03677166674495,-44.08400095516006,26.839879883177815,41.887109171592925
-8.543274680702016,-2.16570741482966,-2.3061018579913863,-28.62099206263981,-43.57172275386834,26.455284647810153,41.40601533903868
-8.489487705731529,-2.134523046092185,-2.2632866625089627,-28.219374362641126,-43.075977847671304,26.084851316548942,40.94145480157912
-8.43719362421453,-2.10333867735471,-2.2222410469833505,-27.832618887685335,-42.59770773006076,25.729280210330625,40.49436905270605
-8.380126076921814,-2.0721543086172343,-2.1780974579027546,-27.414717163469003,-42.07993779808218,25.34256285485177,40.00778348946494
-8.322359294550948,-2.0409699398797594,-2.134096892049174,-26.996089483132078,-41.560218248596236,24.95511954325232,39.51924830871648
-8.25718741190949,-2.0097855711422845,-2.0852746214868385,-26.529074223063404,-40.97915219390501,24.51928865192112,38.96936662276272
-8.186389995290078,-1.9786012024048096,-2.033212275921491,-26.02804516500879,-40.354227656766426,24.04944396260398,38.375626454361615
-8.122424840949687,-1.9474168336673348,-1.9870377938351123,-25.58096978543976,-39.79521325710171,23.633552951772423,37.847796423434374
-8.058552179707439,-1.9162324649298599,-1.9417399078081357,-25.139811971398146,-39.242278285886165,23.223579506468287,37.3260458209563
-7.998632942905269,-1.885048096192385,-1.8999743472631865,-24.730717643308193,-38.728325293392416,22.845669547115808,36.84327719720003
-7.936977005243508,-1.8538637274549101,-1.8577274872718812,-24.31454374777136,-38.204253506947495,22.46068002031645,36.35038977949259
-7.874687861262672,-1.8226793587174352,-1.8157906358467941,-23.898985449103705,-37.679689206313384,22.076306090386268,35.85700984759595
-7.807855674828506,-1.7914949899799604,-1.7716182499388493,-23.458547890713348,-37.12229532166323,21.66705290073339,35.33080033168327
-7.732711357594875,-1.7603106212424855,-1.7229585823239537,-22.969996408452264,-36.5022412842433,21.20968578720978,34.741930663000815
-7.667132391833155,-1.7291262525050106,-1.6813539297211402,-22.54935718204576,-35.96683886775378,20.82023092954075,34.23771261524877
-7.606069992124249,-1.6979418837675357,-1.643328220057957,-22.16244974646963,-35.473072232687066,20.464507862702092,33.77513034891953
-7.539752467946071,-1.66675751503006,-1.602801157361529,-21.74741014971316,-34.94197696861879,20.0806526346831,33.27521945358873
-7.4697700028483105,-1.635573146292585,-1.5608956820421802,-21.315225663871175,-34.387323168855715,19.67965251757859,32.75175002256313
-7.404402832978748,-1.6043887775551102,-1.5225436399065158,-20.91687636266525,-33.874581320378056,19.31248758511014,32.27019254282295
-7.3345481395133945,-1.5732044088176353,-1.4823920765305036,-20.496831168347803,-33.33229041249624,18.92362675953017,31.759086003678608
-7.250266898213853,-1.5420200400801605,-1.4350799981799405,-19.997746850622995,-32.68571392249724,18.455726810542835,31.143693882417082
-7.164286962216501,-1.5108356713426856,-1.388071772320275,-19.497214215715218,-32.034716399594096,17.98637854437253,30.52388072825141
-7.072716594684367,-1.4796513026052107,-1.339381988370073,-18.97360687417962,-31.350860914877263,17.49395557157441,29.871209612272054
-6.981502851823123,-1.4484669338677358,-1.2922690389200535,-18.46165181735724,-30.679281808047705,17.013184883489505,29.23081487417997
-6.9073314372300825,-1.417282565130261,-1.2549633069426256,-18.05235403336266,-30.140184048515305,16.6350714682324,28.722901483385044
-6.828990449034299,-1.386098196392786,-1.2165241882661484,-17.626805438956225,-29.57753872476625,16.24070724256344,28.191440528373462
-6.7449008564469235,-1.3549138276553112,-1.1763498045601894,-17.1776852771767,-28.981261775958814,15.822771449521388,27.626347948303504
-6.660050592345909,-1.3237294589178363,-1.136933098259726,-16.73245842277084,-28.38754695937618,15.408728963853005,27.063817500458345
-6.567024543406463,-1.2925450901803606,-1.094990520296332,-16.25342064901631,-27.74571359997762,14.960875558835948,26.45316850979726
-6.453598769037663,-1.2613607214428857,-1.0456160230000622,-15.682047684339228,-26.97584553015514,14.420686962896342,25.714484808712257
-6.341123306444144,-1.2301763527054108,-0.9985299311165977,-15.129078734744498,-26.22604452102175,13.898902382039086,24.99586816831634
-6.22745183829316,-1.198991983967936,-0.9527955931893671,-14.583815291801557,-25.481856008814585,13.38482330783362,24.28286402484665
-6.110632801277712,-1.167807615230461,-0.9076883220148451,-14.03748107199323,-24.731088474229225,12.869673456762769,23.563280858998763
-6.016417889008503,-1.1366232464929862,-0.8726745862073965,-13.607077761420658,-24.13580906718554,12.470454514927672,22.999185820692553
-5.9052803861940575,-1.1054388777555113,-0.8329017957150033,-13.1109332951841,-23.4451739710237,12.00549441742859,22.33973509326819
-5.788684543783491,-1.0742545090180364,-0.7929123490447983,-12.60369143042222,-22.73388938204333,11.529436921404184,21.659634873025293
-5.6811765203502596,-1.0430701402805616,-0.757574653888234,-12.147849222584293,-22.089908133197248,11.104779082303732,21.046837992916686
-5.537715215923225,-1.0118857715430867,-0.7126457234514803,-11.557001663029919,-21.24800329089556,10.545115891486832,20.236117519352476
-5.426424676448917,-0.9807014028056118,-0.6794931458160725,-11.112157446976841,-20.608400630762446,10.13145604417123,19.627699227956835
-5.297713394735631,-0.9495170340681369,-0.6429445226723888,-10.612138059934185,-19.88313650072154,9.662621025866049,18.933619466653404
-5.175005738541699,-0.9183326653306612,-0.6098350485940776,-10.149635929553037,-19.20589597200101,9.231303264222376,18.28756330667035
-5.050656080389265,-0.8871482965931863,-0.5779510450442688,-9.694826739188851,-18.533474879870063,8.807678442595666,17.646326583276878
-4.922330329044545,-0.8559639278557114,-0.5467468262311793,-9.239859932525892,-17.853938008353847,8.38389600467018,16.997974080498135
-4.789473451995638,-0.8247795591182365,-0.516191443317625,-8.783929774739443,-17.16550831573181,7.959150215621206,16.340728756613572
-4.659361801060188,-0.7935951903807617,-0.4879256984776761,-8.352017727044387,-16.505900878899716,7.558422536663626,15.712305688518954
-4.507922014943844,-0.7624108216432868,-0.45700343051414155,-7.86710954331413,-15.755973069465856,7.104698721670843,14.99356224782257
-4.33083926794769,-0.7312264529058119,-0.42340702792434515,-7.323800043529028,-14.902768762437486,6.592573590623216,14.171542309531674
-4.153816124501708,-0.700042084168337,-0.39242159973740487,-6.805524070654416,-14.074702288532404,6.105481986486079,13.374660204364066
-4.028017782932205,-0.6688577154308621,-0.3718894611111433,-6.451922182305073,-13.500953302436432,5.783064466874211,12.83209558700557
-3.857121907004743,-0.6376733466933873,-0.34585422642725633,-5.990599286508695,-12.740562623766996,5.352925939815308,12.102889277073608
-3.6927752519235084,-0.6064889779559124,-0.32270625672778774,-5.5670907873755455,-12.029447478241686,4.960601809419633,11.422958500285773
-3.5170114293156796,-0.5753046092184375,-0.2998453508516909,-5.135338805836756,-11.290108807139195,4.560034196618319,10.714804197920756
-3.328146956088474,-0.5441202404809617,-0.27727889850438514,-4.695004782252057,-10.519261955406886,4.150884541771095,9.975141714925925
-3.141465811466938,-0.5129358717434869,-0.256811680694008,-4.282939113236639,-9.780504283303781,3.7700032414931517,9.267568411560294
-2.9341936320766835,-0.481751503006012,-0.23598666106267047,-3.8513760490775453,-8.98621490521174,3.3696245460715333,8.50446340220573
-2.7478229210809055,-0.4505671342685371,-0.21875248671685,-3.4857178187993627,-8.294407930690948,3.0351506845308256,7.843840796422411
-2.55744572143045,-0.41938276553106224,-0.2023928369311513,-3.1331670406739183,-7.608697053177206,2.713784275142856,7.189314287646144
-2.4034716654973494,-0.38819839679358736,-0.18993901464146823,-2.8629137445445365,-7.068989159164898,2.474715347750949,6.680790762371311
-2.2013405934602273,-0.3570140280561125,-0.1744462184913584,-2.52748071836999,-6.379826756925388,2.1704666903138774,6.022812728869275
-1.971141410569044,-0.3258296593186376,-0.15768971752564614,-2.1709381767785096,-5.620435645274337,1.845108517459872,5.294605985955699
-1.7376956299691648,-0.29464529058116273,-0.14129667061396534,-1.8354880601077022,-4.8764554125537405,1.5408427695265394,4.581810121972578
-1.5527350872682764,-0.26346092184368786,-0.12848255011537174,-1.5872860129964077,-4.304572415715891,1.3238250911527198,4.0411114938722035
-1.3568102688307793,-0.23227655310621298,-0.11484421435584666,-1.3403162400678934,-3.7147342105217573,1.1080396869616804,3.4824576574155444
-1.159870496848923,-0.2010921843687381,-0.10084143657472246,-1.1076201509982206,-3.137393520483836,0.9065279666294825,2.936301336115098
-0.9816810845028279,-0.16990781563126234,-0.08772437151091914,-0.9096797777532919,-2.6276216756332405,0.7397719621220296,2.457713860001978
-0.7989821043150509,-0.13872344689378746,-0.0736473718554696,-0.7183539862581129,-2.116572668809452,0.5796305393643254,1.9778492219156645
-0.5712333652792327,-0.10753907815631258,-0.05492980570782776,-0.4951263154860916,-1.494784704724749,0.387587237329779,1.3872456265684363
-0.39940394340165164,-0.07635470941883771,-0.0397461921553299,-0.33705174211948014,-1.0360086430723705,0.26069703270064243,0.9596539336535328
-0.2257819431617294,-0.04517034068136283,-0.023302231719163444,-0.18561113736962295,-0.5807295379026494,0.14044079668826012,0.5355591972212865
-0.06371236617352793,-0.013985971943887954,-0.006812770527434741,-0.05115582548192178,-0.16265246628559565,0.03716985353803383,0.1486664943417077
0.0783464001291303,0.017198396793586923,0.008650452566146,0.061663902423583196,0.19877010264956121,-0.04446550562999627,-0.1815717058559743
0.21360735611397175,0.0483827655310618,0.02433400269099282,0.16507503689455164,0.5388879100940022,-0.11669227136348984,-0.49050514456294037
0.39330547126652016,0.07956713426853756,0.04675018468079488,0.29697584103522306,0.9852604157516334,-0.2174087067666855,-0.9056932814830958
0.5430250594107817,0.11075150300601155,0.06691996457973412,0.402595132614155,1.352888986583023,-0.2918436296081435,-1.2421374835770114
0.663520316257389,0.14193587174348732,0.08421282457723356,0.4850955584111729,1.6462561118616037,-0.3431596866676856,-1.5043202401181164
0.7922150984971705,0.1731202404809613,0.10379147600421905,0.571025216486032,1.9574016388560804,-0.3979049760050707,-1.7842813983751191
0.8967445216720724,0.20430460921843707,0.12058061625531849,0.6393476275297052,2.2086505404558316,-0.4350430183112681,-2.0043459312373946
0.9991290864819982,0.23548897795591106,0.13783196310335336,0.7051446704842008,2.4536205718276975,-0.46965569252828976,-2.2181315938717865
1.1162900424914186,0.2666733466933868,0.15859484296385934,0.7792561918933277,2.7327637662533104,-0.5125828451999409,-2.4660904195599236
1.2481486099286196,0.2978577154308608,0.183325260380483,0.861409303833545,3.0456693712086294,-0.5635515884026842,-2.7478116557777685
1.3554229176349415,0.3290420841683366,0.2045559589110493,0.9274647037036664,3.299454809564814,-0.5984226195353298,-2.9704127253964776
1.4637952586519796,0.36022645290581057,0.22705742164733594,0.9936628148342493,3.555304517475214,-0.6334363619284388,-3.1950780645694032
1.5505200962880472,0.39141082164328633,0.2458528354778682,1.0463636284040498,3.7597737969081324,-0.6549528067607635,-3.368362975264846
1.6191950334256777,0.4225951903807621,0.2612481054761042,1.0879846383888565,3.9215759468837925,-0.6653894480080944,-3.4989807565030304
1.6936869539214183,0.4537795591182361,0.278471207029921,1.1330735798686764,4.097025749231158,-0.6792940207504403,-3.6432461901129223
1.783560436722302,0.48496392785571185,0.2999936437928668,1.1874685177632265,4.308699282027255,-0.7025045899075146,-3.823735354171543
1.8826922198835565,0.5161482965931858,0.3247006538785604,1.2475696660138635,4.542281050810088,-0.7314213694206777,-4.026132754216902
1.9695253468238052,0.5473326653306616,0.3471988051426462,1.3004005242995016,4.747069881241161,-0.75306785896884,-4.199737215910499
2.054711073682065,0.5785170340681356,0.37006741115155395,1.352484950784933,4.948229329728547,-0.7739679167167974,-4.3697122956604115
2.138194557409861,0.6097014028056114,0.3932634353575508,1.4038532595163862,5.1456937349836425,-0.7941518567107748,-4.535992332178031
2.2170770836868456,0.6408857715430853,0.4159106291441021,1.4527552980162737,5.3326401944682535,-0.8118695264731883,-4.691754422925168
2.2868732029990966,0.6720701402805611,0.4365524354351462,1.496372644285498,5.498400749533917,-0.824302504004937,-4.826330609253356
2.357145431814364,0.7032545090180351,0.457918241582499,1.5406650778264799,5.665669583501617,-0.8374105688084448,-4.962415074483582
2.439777940780655,0.7344388777555109,0.48380500268991355,1.5932944409867895,5.862905837352936,-0.8588555632312787,-5.128466959597425
2.526104205323745,0.7656232464929849,0.5117473051438024,1.6489834150057845,6.069665774322338,-0.8833601685127996,-5.3040425278293535
2.614770533226826,0.7968076152304606,0.541423006476379,1.7070216269466552,6.2828700600936,-0.9102140117161945,-5.48606244486314
2.6974644865825455,0.8279919839679364,0.5700096701389752,1.761997330220519,6.482560181739974,-0.9340053462525826,-5.654568197772037
2.765059795082861,0.8591763527054104,0.5940414412024411,1.8075955666673797,6.646450208062386,-0.9484192139619694,-5.787273855356975
2.8408001945407437,0.8903607214428861,0.6216916588341244,1.859447614007391,6.830847954453692,-0.9690868925645049,-5.940487233010806
2.9170190595536427,0.9215450901803601,0.6503004359130891,1.91249299877367,7.017276352992545,-0.99094790859331,-6.095731262812185
2.9965825298937108,0.9527294589178359,0.6810180432410973,1.9688554525773292,7.212874879891323,-1.0161259936594933,-6.260145420973487
3.0721356218282834,0.9839138276553099,0.7110080418407427,2.0233718136740517,7.399609151873547,-1.0394579860187418,-6.4156953242182375
3.156753728666608,1.0150981963927856,0.7455619133269392,2.0856508322139318,7.609969857380496,-1.0705526358211461,-6.59487166098771
3.247233533898814,1.0462825651302596,0.7836582825754008,2.1537590704071086,7.836417754730033,-1.107476505276849,-6.7901351895997735
3.331013677572376,1.0774669338677354,0.820011653332356,2.2183030515249307,8.047576987276589,-1.1408361176571953,-6.970110053408853
3.408334707053026,1.1086513026052094,0.8544978869859012,2.279201381339549,8.243787118682345,-1.1705500787343395,-7.135135816077136
3.4821373934980397,1.1398356713426852,0.8882658692939783,2.338577273116575,8.432317711738145,-1.1987416017738899,-7.29248204039546
3.556543060978484,1.171020040080161,0.9231637390135472,2.3997272817265536,8.6236776384389,-1.2287072416463927,-7.45265759835874
3.634019650343448,1.202204408817635,0.9604266976114768,2.464834753145974,8.824369141247008,-1.2626303443283389,-7.622164732429373
3.703042574914207,1.2333887775551107,0.9944297931767192,2.5241190496356354,9.004443555735497,-1.2907302720805247,-7.771054778180386
3.770209968373439,1.2645731462925847,1.0282578366361053,2.5830111405944027,9.180878585247921,-1.318437994301818,-7.9163054389553364
3.8268321366969773,1.2957575150300604,1.0573480503143444,2.6336074768264286,9.33056371604614,-1.3378499617963682,-8.034806201016078
3.888621437404667,1.3269418837675344,1.089698094379831,2.689842705666953,9.49493022112512,-1.3629008218994185,-8.167988337357585
3.946222477893118,1.3581262525050102,1.120430305816088,2.7432529322987884,9.649142268611744,-1.3851266797937782,-8.291016016106735
4.000686125412956,1.3893106212424842,1.1500042649496882,2.794653056601488,9.795853776074162,-1.405342435359004,-8.406543154831677
4.0557965274591075,1.42049498997996,1.180444721309926,2.8475751492015684,9.945219072255007,-1.4270801592216085,-8.524724082275046
4.1193051294394545,1.451679358717434,1.21617342577471,2.9097277487128963,10.118511725231942,-1.4580483899954624,-8.666832366514509
4.1824341298787076,1.4828637274549097,1.2523851724494806,2.972777819826173,10.29203754711391,-1.4899140923712633,-8.809173819659001
4.2375584776742645,1.5140480961923837,1.2845793401007066,3.0288938981501587,10.444621234080122,-1.514845801957775,-8.930573137887738
4.283650393976749,1.5452324649298594,1.3119130108328574,3.0765909213797755,10.572979110839086,-1.531358456449916,-9.027746645909225
4.32729988836695,1.5764168336673352,1.338149341709391,3.122424358359556,10.695199163001718,-1.5460075246922207,-9.118782329334383
4.368375857815887,1.6076012024048092,1.3631530306885487,3.166155307130582,10.810813058308383,-1.558554104725773,-9.203211855903575
4.417917771165071,1.638785571142285,1.393718494207195,3.2196863367647652,10.951042436303638,-1.5809007656224803,-9.312256865161352
4.470335726160091,1.669969939879759,1.4265484369888966,3.2772785586263815,11.100366079406541,-1.6073086187466226,-9.430396139526781
4.526127853657328,1.7011543086172347,1.4620500863097785,3.339676051705026,11.260399795605348,-1.6385217430877912,-9.559245486988114
4.581284578552292,1.7323386773547087,1.4977185260839367,3.402497806996678,11.41974581946319,-1.670159129641969,-9.68740714210848
4.634182305048171,1.7635230460921845,1.5324643114352048,3.4638271616628518,11.573646195497151,-1.7003041155706673,-9.810123149404966
4.679107160141367,1.7947074148296585,1.562390325373567,3.5167583046405606,11.705195834887952,-1.7220508898109022,-9.910488420058293
4.717587971546136,1.8258917835671342,1.5883306435198428,3.5627240414178973,11.818502991623635,-1.7368322578507631,-9.992611208056502
4.761740886798703,1.8570761523046082,1.6184458330973226,3.616188192593339,11.949234744491068,-1.7591120402887306,-10.092158592186461
4.813245475626144,1.888260521042084,1.654053008083524,3.679545198995779,12.10272478134153,-1.791284677953695,-10.214464260299447
4.8654651166325,1.9194448897795597,1.6906837230767164,3.7448886355619733,12.259452589668847,-1.8254437457824135,-10.340007699889288
4.917970256872279,1.9506292585170337,1.7280562883026804,3.811731749901314,12.418179699427803,-1.8611024913842802,-10.46755044091077
4.964640740281146,1.9818136272545095,1.7617352541976496,3.872123906456348,12.560245201948353,-1.8903102792018385,-10.578431574693845
5.008260840682842,2.0129979959919835,1.7936067593444456,3.929412494481009,12.693868965675982,-1.9164144984890257,-10.680870969683998
5.0456638314271185,2.0441823647294592,1.8212406390141131,3.9791934628626318,12.80910516786009,-1.9350110981331725,-10.76492280313063
5.080566815304202,2.0753667334669332,1.847282932187165,4.026201148716778,12.917193075499132,-1.9508344152498447,-10.8418263420322
5.112969792314096,2.106551102204409,1.8716818025886537,4.070325611012988,13.018022747562656,-1.9637745088085792,-10.911471645358247
5.149261167261004,2.137735470941883,1.8992635523053993,4.120303766426862,13.13151080913362,-1.9825682954849793,-10.993775338191735
5.187912112430671,2.1689198396793588,1.9289364347583757,4.174187327415739,13.253033524169412,-2.00526748773638,-11.084113684490053
5.2245482013493145,2.2001042084168327,1.957347656498271,4.225893324610728,13.368852676972029,-2.025789116193895,-11.168748468555197
5.262346930780936,2.2312885771543085,1.9869530106893492,4.279891195887754,13.488998324754391,-2.0486026187334456,-11.257709747600082
5.303013565605104,2.2624729458917825,2.0191382178692283,4.3387324046126885,13.61900614442162,-2.076259458720906,-11.356533198529839
5.343035563320328,2.2936573146292583,2.0511527930468723,4.3974045919844205,13.747716827794994,-2.103747277355162,-11.454059513165735
5.381936501839101,2.324841683366734,2.0825952940899284,4.455167427001803,13.87355630522023,-2.130325743635069,-11.548714621853495
5.420085492867319,2.356026052104208,2.113742619346349,4.512524096907529,13.997673709425339,-2.156498044803321,-11.64164765732113
5.461288985710073,2.3872104208416838,2.147733521284157,4.57527183688091,14.13252756187354,-2.1880614160392264,-11.745317141031855
5.505879182203664,2.4183947895791578,2.1849298380349778,4.6441219402316545,14.279410509088066,-2.2257271506524967,-11.86101571950891
5.553856082348091,2.4495791583166335,2.22543205837395,4.719311202524653,14.438559346633813,-2.2697320442080198,-11.988980188317178
5.6029052984378165,2.4807635270541075,2.2673581505092946,4.79738509252795,14.602469364794128,-2.3166215654738425,-12.12170583774002
5.645323457204741,2.5119478957915833,2.3040417300742497,4.865897527454276,14.745213577562573,-2.353949631662693,-12.233265681770991
5.685951592897233,2.5431322645290573,2.33954961543675,4.932392505460726,14.882807793030883,-2.3892602409316686,-12.339675528501825
5.720843176238702,2.574316633266533,2.370336267100148,4.990187784608651,15.00166334302638,-2.4158711513421176,-12.427346709759846
5.752414617643183,2.605501002004007,2.398427338399061,5.04303722104059,15.10976280191616,-2.4375362190365832,-12.504261799912154
5.784770080407304,2.636685370741483,2.427447652844706,5.097749375899925,15.221097016612706,-2.461064005158442,-12.584411645871224
5.817688497853304,2.667869739478957,2.4572145963347283,5.15398969492238,15.334944566165662,-2.4861199554434235,-12.667074826686704
5.849688071895269,2.6990541082164325,2.4863853630463506,5.209221703604258,15.446175829420977,-2.5101675953878253,-12.747121721204543
5.879630949021983,2.7302384769539083,2.513891689699533,5.261408997380961,15.550763158169431,-2.531170520427053,-12.820524681215524
5.907477399711404,2.7614228456913823,2.5396555022515006,5.310383924714671,15.648469374209627,-2.5489610790232886,-12.887046528518244
5.934339482731234,2.792607214428858,2.5646766106768792,5.3580334950346185,15.743127589814279,-2.5654262806057604,-12.95052037538542
5.962893400325177,2.823791583166332,2.591455209571077,5.409124071011368,15.844187521580427,-2.5853324878450357,-13.020395938414094
5.998700330481665,2.854975951903808,2.6253014302964948,5.473837547645101,15.971563125988013,-2.6188615957412935,-13.116587174084206
6.03661416002282,2.886160320641282,2.6614627095314822,5.543147729747517,16.10722250978745,-2.656987409106235,-13.22106218914617
6.07694504212537,2.9173446893787576,2.700296413042993,5.617775126071096,16.25242894979049,-2.700430436692338,-13.335084260411733
6.115379850012198,2.9485290581162316,2.7376583910090693,5.689763865119447,16.391678602640795,-2.7412348070032158,-13.443149544524562
6.15132696288817,2.9797134268537073,2.7729162957167026,5.757868070283478,16.522690255337775,-2.7781546434297706,-13.542976828484068
6.18527993262153,3.0108977955911813,2.8064984680271725,5.822887717355153,16.647127599442832,-2.8119899217639714,-13.636229803851652
6.2181643533973325,3.042082164328657,2.839284377075608,5.886508275446318,16.76829589389165,-2.844426111117661,-13.726213729562993
6.249891183327199,3.073266533066133,2.8711602553782947,5.948497295142546,16.885806865965144,-2.875230762076413,-13.812540332899012
6.280460422411128,3.104450901803607,2.9021007831856473,6.008793385370711,16.999599124590187,-2.9043424835671043,-13.895148222786581
6.308760011881418,3.1356352705410826,2.930944038768944,6.065113636671486,17.10544365746397,-2.929478366130404,-13.969808386922885
6.334428137199902,3.1668196392785566,2.9572721247137626,6.116615972818324,17.201865212918154,-2.9497963335397674,-14.035045573639596
6.3627303159252,3.1980040080160324,2.986486605015144,6.173868315956097,17.308646368825197,-2.975864307940065,-14.110642360809166
6.392504416974607,3.2291883767535063,3.017430181895595,6.234627612425736,17.4215103421313,-3.0054392356722293,-14.192321965377793
6.421135110831413,3.260372745490982,3.0473889905626326,6.293568717971743,17.530555161926713,-3.033195972480761,-14.27018241643573
6.448622397495619,3.291557114228456,3.0763397934301384,6.350634024746983,17.635723220364316,-3.0590769105185265,-14.344166106135859
6.4788932888858,3.322741482965932,3.1084367660778565,6.414023477521247,17.752086733071398,-3.091281994555315,-14.429345250105467
6.511025342398677,3.353925851703406,3.14275392300865,6.481939558832761,17.876233908030446,-3.1280137071293552,-14.522308056327041
6.542788265128461,3.3851102204408816,3.176927561821179,6.549716472788543,17.99959593676335,-3.164606252347661,-14.614485716322466
6.574271098963534,3.4162945891783556,3.2110467964127833,6.617528820574891,18.122503243761074,-3.201234231396535,-14.706208654582717
6.605473843903896,3.4474789579158314,3.2451060023666725,6.685363825596218,18.244943052428034,-3.2378848676803864,-14.797464094512204
6.642937258501464,3.478663326653307,3.2863205887061895,6.767638466621853,18.392778668999416,-3.288975139968546,-14.914115342346108
6.680310751842375,3.509847695390781,3.3277873888331966,6.850623337175146,18.541167152899302,-3.340775641784365,-15.03131945750852
6.714471001647684,3.541032064128257,3.3659971512775675,6.927272335860374,18.67759658874382,-3.3862402717321167,-15.136564524615565
6.746768547969756,3.572216432865731,3.402395187035684,7.000448390513254,18.807293349460327,-3.4282319576475233,-15.235076916594597
6.779623894332284,3.6034008016032066,3.439693974949021,7.075597592192856,18.939939407274352,-3.472196790589649,-15.336538605671144
6.813041290999909,3.6345851703406806,3.4779134805319885,7.1527710216691895,19.07559328091903,-3.518185851328509,-15.441008110578348
6.843093726054057,3.6657695390781564,3.5125288504012566,7.222813693330767,19.19822771392537,-3.557044154252611,-15.532458174847214
6.870793128566959,3.6969539078156304,3.5446396090032284,7.2879123135936466,19.311800288585825,-3.590958405778016,-15.614846380770196
6.898953388089275,3.728138276553106,3.5774875643576003,7.3546281059388585,19.42779653509509,-3.6264898293857524,-15.699658258541984
6.927574504621006,3.75932264529058,3.6110834590600804,7.422990514634352,19.546245897721114,-3.6636678693437723,-15.786923252430533
6.957309469631291,3.790507014028056,3.6462121810692327,7.494609025087532,19.66990059694229,-3.704102011059476,-15.879393582914236
6.981961315544758,3.8216913827655317,3.675510438005493,7.554447193593378,19.772879495796705,-3.7327558108278467,-15.951188113031172
7.007880633275269,3.8528757515030057,3.706486394381297,7.6178165655540315,19.88160767378575,-3.764940814051026,-16.028731922282745
7.036820389545586,3.8840601202404814,3.7412802105070435,7.689123932885677,20.00355961459045,-3.805063812645195,-16.11949949434997
7.068409962119867,3.9152444889779554,3.7795114023991636,7.767630575787836,20.137348009497604,-3.8523860868098803,-16.22210352051965
7.099297979281081,3.946428857715431,3.8171483071486,7.845073925338402,20.268845389080294,-3.8986450676229705,-16.322416531364862
7.12948019076458,3.977613226452905,3.854169396467896,7.921401100203477,20.397991434041494,-3.943787873750572,-16.420378207588588
7.158956596570368,4.008797595190381,3.890558544050011,7.996570275399678,20.524744319397822,-3.9877726802092974,-16.515946724207442
7.1876377102294935,4.039981963927855,3.9261883951830177,8.070309201173938,20.64867519407555,-4.030327237246083,-16.608693230147697
7.215496138997933,4.071166332665331,3.9610070430387587,8.142500535281425,20.769618778527807,-4.071334202616094,-16.698452445862475
7.24253188287569,4.102350701402805,3.9949967134164286,8.21309744706847,20.887528242100927,-4.110746745665666,-16.785177540698122
7.268091950393623,4.13353507014028,4.0273121805548,8.280330221077653,20.999491134266492,-4.146795150937373,-16.865956064126213
7.291832550575192,4.164719438877754,4.057485371300573,8.3432049762438,21.103911939750386,-4.178485537366046,-16.939192500872633
7.3197460586065635,4.19590380761523,4.093157419914386,8.417660826625337,21.227216429186825,-4.221757019010107,-17.031312621571594
7.344400697926943,4.227088176352706,4.124840841338781,8.483902204395262,21.336603425767414,-4.256814028042556,-17.10951524941471
7.366740603135812,4.25827254509018,4.153692622195044,8.544313471975112,21.436109527462783,-4.286040926884932,-17.177836982372604
7.390416036286357,4.289456913827656,4.184418006959657,8.608741660341774,21.5419697238429,-4.319284746514119,-17.252512810015244
7.415426997378578,4.32064128256513,4.217043343474718,8.677259261192951,21.654256506605464,-4.356617978627821,-17.333615224040333
7.4417734864124725,4.3518256513026055,4.251596589616321,8.749943389700721,21.77304699092255,-4.398117738398116,-17.421221339619944
7.4683992756588164,4.3830100200400794,4.286710358988201,8.823929820474916,21.893628552877843,-4.440919800434837,-17.510618532837764
7.495137588181716,4.414194388777555,4.322169586053748,8.898769388414657,22.01526016773266,-4.484574999637101,-17.601065778955103
7.522097794936434,4.445378757515029,4.358123613801178,8.97478094018814,22.138452081326896,-4.529402182673111,-17.693073323811866
7.549426954293422,4.476563126252505,4.394775800085924,9.05239994278056,22.263897112794048,-4.575836816528056,-17.787333986541544
7.577125066252684,4.507747494989979,4.4321351838547605,9.131652262207169,22.391621128149367,-4.62390476721719,-17.88387363315939
7.599199755628048,4.538931863727455,4.462063190051265,9.195238220339178,22.49383779268826,-4.656306356611723,-17.954905928960805
7.621329832257544,4.570116232464929,4.492203341316201,9.259362666244831,22.596689872695535,-4.6892464337799025,-18.026573640230605
7.642941783777532,4.6013006012024045,4.521770588860708,9.322353346755047,22.69750146836573,-4.721052745552643,-18.096200867163326
7.6643026411396935,4.63248496993988,4.5511235274365145,9.384970394062762,22.797500016057228,-4.752485424122882,-18.165015046117347
7.687709261546237,4.663669338677354,4.58343549632559,9.453994808807655,22.90748601651357,-4.790325470130301,-18.243816677836215
7.711222672182245,4.69485370741483,4.616050936565303,9.52376792129757,23.0184075976165,-4.828914213882739,-18.32355389020167
7.734654083408621,4.726038076152304,4.64870861742734,9.593731902314758,23.129376548279843,-4.867693826162454,-18.40333847212754
7.758406296105134,4.75722244488978,4.681972741217568,9.66509787640189,23.242308894585875,-4.907875431512111,-18.485086449696094
7.782369939316524,4.788406813627254,4.715695933798508,9.73755401451023,23.356701408314148,-4.949147200882977,-18.568294594686893
7.806397954672336,4.8195911823647295,4.749674484942673,9.810665356767355,23.471861777443944,-4.991074174402626,-18.652270595079216
7.8304903421725705,4.8507755511022035,4.783910144671184,9.884437439971553,23.587795538773552,-5.033661888869349,-18.73701998767135
7.854647101817228,4.881959919839679,4.81840467337268,9.958875840270053,23.704508268450205,-5.076915920430374,-18.822548348610525
7.879155725626502,4.913144288577153,4.8535733835921695,10.034880548448678,23.823403068295057,-5.121736259871525,-18.910258779717903
7.904997485994905,4.944328657314629,4.890842923433004,10.1155474919,23.94929309239108,-5.17121883458537,-19.004964435076452
7.93519747658409,4.975513026052105,4.934643023185828,10.210508738089654,24.09710432211181,-5.234995712037549,-19.121591296059705
7.966020926519958,5.006697394789579,4.979620492840163,10.30820056573717,24.248737187147096,-5.3015031709475915,-19.242039792357517
7.995479490629389,5.0378817635270545,5.022865019335703,10.402297164807909,24.39438627340934,-5.364415401280854,-19.356504509882285
8.02481818628071,5.0690661322645285,5.066185660944822,10.496724009914221,24.540155835905463,-5.427657877649692,-19.471089703640935
8.053800989530037,5.100250501002004,5.109228561779915,10.59070744084211,24.684859172519673,-5.490456939840105,-19.584608671517667
8.082427900377372,5.131434869739478,5.151985377974709,10.684224894200192,24.828473719860593,-5.552790024460713,-19.697038850121114
8.110698918822717,5.162619238476954,5.1944478234562705,10.777253890855093,24.970976998794846,-5.614634652378139,-19.808357760317893
8.138614044866069,5.193803607214428,5.236607671600518,10.869772043077994,25.112346621593616,-5.675968435863566,-19.91854301437919
8.166173278507427,5.224987975951904,5.278456756867194,10.961757061602412,25.25256029899041,-5.736769085650509,-20.027572323038505
8.1932682140419,5.256172344689378,5.319821040232535,11.052821163224763,25.39104053779809,-5.7966488185353855,-20.134868193108712
8.218930444967443,5.2873567134268535,5.359200002723988,11.139647292328966,25.52277557102199,-5.852290578902113,-20.23541885759514
8.239419396440834,5.3185410821643275,5.3907818841889465,11.209374723762282,25.62835866753374,-5.890833641597955,-20.309817585369412
8.25634811177578,5.349725450901803,5.416970885149444,11.267258023970935,25.715867219578552,-5.917532573069132,-20.366141768676748
8.27379683907009,5.380909819639279,5.44405439169431,11.327177632945794,25.806322101318454,-5.946267813306515,-20.425412281679176
8.291765578323766,5.412094188376753,5.472040744662078,11.389157720134198,25.899747482200787,-5.977063531757445,-20.487653293824035
8.310573702578697,5.443278557114229,5.501438642918616,11.45433255191385,25.99783653142657,-6.011053994799622,-20.554557974312342
8.331285018282253,5.474462925851703,5.533934851344008,11.526457764387459,26.1062065463814,-6.051994838535756,-20.631743620529697
8.353899525434432,5.505647294589179,5.569565375973335,11.605637368836389,26.224961538346648,-6.09999007424721,-20.71931424375747
8.377770104505897,5.5368316633266526,5.607343128370962,11.689699709170213,26.350797392055533,-6.152868045843561,-20.81396572872888
8.401753747511112,5.568016032064128,5.645474211872516,11.774663513889493,26.47773257203394,-6.206647481825365,-20.90971653996981
8.425282327885403,5.599200400801602,5.683052069463592,11.858507195226153,26.60275126902561,-6.259306794424551,-21.003550868224007
8.448342979736303,5.630384769539078,5.720046616191811,11.941157899965111,26.72575811450364,-6.310773130426033,-21.095373344964564
8.470935703063809,5.661569138276552,5.756448329553434,12.022588597686127,26.846726078047794,-6.361019459409575,-21.185156939771243
8.492885368226093,5.692753507014028,5.79196388073877,12.102136235125343,26.964685629521007,-6.409382728111315,-21.27193212250698
8.51403904511339,5.723937875751504,5.826331626853256,12.179205856273136,27.07877418522157,-6.455267980521632,-21.354836309470066
8.534396733725702,5.755122244488978,5.859536312203958,12.253753570333005,27.188947854352982,-6.498631325844028,-21.433825609864005
8.553639061021132,5.786306613226453,5.891039368989098,12.324558921505954,27.293427278292935,-6.5382523082795005,-21.50712066506648
8.570702220552315,5.817490981963927,5.919070528442542,12.387624446773518,27.38635333274007,-6.570133464809591,-21.568862350776143
8.58787405453796,5.848675350701403,5.947371270957892,12.451356882307056,27.480136477748484,-6.602681531605653,-21.631461127047082
8.605924369963374,5.879859719438877,5.977218471267752,12.518637345674197,27.5790049931101,-6.63877762623532,-21.699145273671224
8.624449569568261,5.911044088176353,6.007956229276494,12.587995175617966,27.68078192236242,-6.676951087441613,-21.769737834186067
8.643084904637316,5.942228456913827,6.038984553278082,12.658080248874242,27.783478831989544,-6.715851791960415,-21.841250375075717
8.661830375170542,5.973412825651303,6.070305559423787,12.728899023107054,27.887102179655503,-6.755486197455752,-21.9136893540042
8.680685981167937,6.004597194388777,6.1019213822442175,12.800458019497178,27.991658486541066,-6.795860825108401,-21.98706129215229
8.69994226612734,6.035781563126252,6.134323936113005,12.873874073096683,28.09877303881953,-6.838092509970431,-22.062991475693277
8.720242422067216,6.066965931863726,6.168608968806018,12.95163911160813,28.21206335022576,-6.8846731797444045,-22.14509741836203
8.741586448987556,6.098150300601202,6.204796698520068,13.033812769976961,28.331589055705187,-6.935662469375759,-22.233438755103986
8.763974346888368,6.129334669338678,6.242908453716199,13.12045805448468,28.45741316153932,-6.991123385146001,-22.328078492200643
8.787415834798715,6.160519038076152,6.282983335103193,13.21167931553521,28.58965702643296,-7.051160277459059,-22.429137988356807
8.80945402234315,6.191703406813628,6.320817713937607,13.297906178467162,28.714450717567676,-7.1062027716535345,-22.52274731075405
8.82967437295713,6.222887775551102,6.355666738650139,13.377419459692511,28.82934961236749,-7.15453168414141,-22.60646183681639
8.849623491886483,6.254072144288577,6.390175579636783,13.456241358793143,28.943082469594486,-7.202169214504566,-22.689010325305908
8.870055168095888,6.285256513026051,6.425650461021696,13.537357297746768,29.05995384191457,-7.252100784720716,-22.774697328888518
8.890969401585343,6.316440881763527,6.462101065478236,13.620796213223292,29.17999266599764,-7.304355331459765,-22.863551784234115
8.91236619235485,6.347625250501001,6.499537336120058,13.706587862396841,29.30322869901783,-7.35896261189584,-22.95560344851683
8.933954996906571,6.378809619238477,6.537458119375374,13.793588949459133,29.428010194045633,-7.414779330220656,-23.049200574807156
8.955577980134937,6.409993987975951,6.575588823287578,13.88117165598263,29.55343312121877,-7.471177668006679,-23.14343913324282
8.98017733710989,6.441178356713427,6.619150954230122,13.981351853508484,29.69666219345079,-7.540173496795057,-23.255483836737366
9.004970967685209,6.472362725450901,6.663254428046701,14.082908723519196,29.84160791696831,-7.610545998068296,-23.36924519151741
9.028677495405562,6.503547094188376,6.705609814102514,14.18056427360233,29.980749890562066,-7.677017179413954,-23.47720279637369
9.051465968427687,6.534731462925852,6.746496442263762,14.2749479558539,30.11501340060235,-7.740216492928048,-23.5802819376765
9.07362823586016,6.565915831663326,6.786421129239419,14.3672190022524,30.246068415007677,-7.801303170589073,-23.680152583344352
9.095164297702983,6.597100200400802,6.825370686326281,14.457338583596417,30.373876104576638,-7.8602383831956155,-23.776775904175835
9.116074153956156,6.628284569138276,6.863332252628422,14.545268774232156,30.498398543655426,-7.91698420509388,-23.87011397451715
9.136357804619678,6.659468937875752,6.900293298913112,14.630972568698589,30.619598726783025,-7.971503630822837,-23.960129788907274
9.15601524969355,6.690653306613226,6.936241631354595,14.714413897888562,30.737440584852273,-8.023760591275337,-24.046787278239048
9.175046489177769,6.721837675350701,6.971165395165761,14.795557644725939,30.851889000787033,-8.073719969375237,-24.13005132543633
9.192966166159444,6.753022044088175,7.004158001440777,14.872287040798785,30.959977831577813,-8.119264996710609,-24.206955787489637
9.208157292918271,6.784206412825651,7.032209631499985,14.937580670360145,31.05185593296712,-8.153374257534495,-24.267649520141468
9.223448423257066,6.815390781563125,7.060522641820247,15.003533957312321,31.144568698012186,-8.188143175749197,-24.329177916449062
9.239900216609586,6.846575150300601,7.091070808875893,15.074751420354865,31.24457679942164,-8.228176270054263,-24.39800164912104
9.256796347005888,6.877759519038077,7.12253704410201,15.148171359608408,31.347564966868713,-8.270411840570333,-24.469805447830637
9.273593398323523,6.908943887775551,7.153912327137628,15.221441625303768,31.450230072369934,-8.312497737528219,-24.541286184594384
9.29029137056249,6.9401282565130265,7.185195150106376,15.294557879207426,31.552567777691785,-8.3544296226944,-24.612439521178757
9.306890263722789,6.9713126252505,7.216384009809271,15.367515790471579,31.654573751986458,-8.396203165221078,-24.683261126735957
9.323390077804417,7.002496993987976,7.247477407799559,15.440311035957244,31.756243672114973,-8.437814041969268,-24.753746678126998
9.339790812807376,7.03368136272545,7.278473850457119,15.512939300555423,31.85757322296833,-8.479257937829974,-24.82389186024288
9.356092468731667,7.064865731462926,7.309371849062417,15.58539627750637,31.958558097786785,-8.520530546043442,-24.893692366323858
9.372295045577289,7.0960501002004,7.340169919870011,15.657677668716847,32.0591939984771,-8.561627568516446,-24.963143898276698
9.387037160527795,7.127234468937876,7.368268144818851,15.72367362785543,32.15098865877907,-8.596439158917555,-25.023754189841195
9.400234103760576,7.15841883767535,7.393482984151002,15.782938446637239,32.233348128218246,-8.62451960896189,-25.074929290542897
9.412096873268144,7.1896032064128255,7.4161984694782666,15.83636208267906,32.30753161089831,-8.646758876266233,-25.117928404485482
9.423341795020436,7.2207875751502995,7.437774438575795,15.887134860402387,32.37798300168815,-8.666347285252087,-25.15719542653785
9.433893701222527,7.251971943887775,7.4580593050970645,15.934895207024514,32.44420918416394,-8.68292326313674,-25.192237240276164
9.443093836264257,7.283156312625251,7.475776073949408,15.976629419646871,32.502043633109324,-8.693473107021621,-25.218887320484072
9.451056791178605,7.314340681362725,7.491133377548922,16.012820954441835,32.55217033900439,-8.69848027307911,-25.237829657641665
9.457799050429813,7.345525050100201,7.504153139482306,16.04351490831924,32.594663246571415,-8.697989858219039,-25.249138196471215
9.463320614017883,7.376709418837675,7.5148270568907956,16.068686175721446,32.62949725025274,-8.691976756883772,-25.252787831415066
9.466592175213568,7.4078937875751505,7.521156266278299,16.083614975442686,32.65015128206643,-8.675721187867534,-25.24225749449128
9.476473828033399,7.4390781563126245,7.540295361969855,16.12877328232829,32.71260248138674,-8.689695126015664,-25.273524325074114
9.485345802491167,7.4702625250501,7.557506943772546,16.16940241376907,32.76875756812861,-8.699139888718971,-25.298495043078514
9.49324635475289,7.501446893787574,7.572856340029686,16.205650674526897,32.81883179534445,-8.704203780739324,-25.317384901556878
9.500175484818561,7.53263126252505,7.586335790044762,16.2374945748425,32.86280167327499,-8.70486331231745,-25.330170410749936
9.506133192688186,7.563815631262524,7.5979384797511855,16.264913480378176,32.9006465675825,-8.701097849115651,-25.336830936319974
9.511738062279145,7.595,7.608864973879101,16.290741756175937,32.93628336516444,-8.695741756175938,-25.341283365164443
