file_name,intervention,cycle,lag_s,theta0_deg,F_peak_N,M_peak_Nm,F_eng_N,M_low_Nm,M_high_Nm,theta_low_deg,theta_high_deg,k_sec_Nm_per_deg,valid_secant
2 - Intact Holding Longer,"intact, but holding",1,10.766666666666653,-0.5808139799509149,53.030345845000134,7.371218072455019,12.0,2.0,5.0,0.09959974200997548,0.415197456167575,9.505772270904012,True
2 - Intact Holding Longer,"intact, but holding",2,10.766666666666653,-0.5808139799509149,52.037103426000456,7.233157376214064,12.0,2.0,5.0,0.007197854400277374,0.14946992034649587,21.08635999658609,True
2 - Intact Holding Longer,"intact, but holding",3,10.766666666666653,-0.5808139799509149,52.80559325266652,7.339977462120646,12.0,2.0,5.0,-0.16995375787759226,0.3023627536439075,6.3516729286806655,True
2 - Intact Holding Longer,"intact, but holding",4,10.766666666666653,-0.5808139799509149,32.04588466766701,4.454377968805715,12.0,2.0,5.0,,,,False
2 - Intact Holding Longer,"intact, but holding",5,10.766666666666653,-0.5808139799509149,28.172468371999745,3.9159731037079646,12.0,2.0,5.0,,,,False
2 - Intact Holding Longer,"intact, but holding",6,10.766666666666653,-0.5808139799509149,26.002556486666833,3.61435535164669,12.0,2.0,5.0,,,,False
2 - Intact Holding Longer,"intact, but holding",7,10.766666666666653,-0.5808139799509149,41.90660723366684,5.825018405479691,12.0,2.0,5.0,0.19956354075349444,0.7070208873750975,5.911826915055025,True
2 - Intact Holding Longer,"intact, but holding",8,10.766666666666653,-0.5808139799509149,47.119678955000026,6.549635374745004,12.0,2.0,5.0,-0.07155332367371471,0.9090279171910127,3.0594099448144085,True
2 - Intact Holding Longer,"intact, but holding",9,10.766666666666653,-0.5808139799509149,42.44790680333336,5.900259045663337,12.0,2.0,5.0,-0.07429999007975285,1.6273467431009256,1.7629981249941753,True
3 - PUBF Left,"PUBF, left",1,12.24999999999999,-0.5923902805897615,34.225080760999944,4.757286225778992,12.0,2.0,5.0,,,,False
3 - PUBF Left,"PUBF, left",2,12.24999999999999,-0.5923902805897615,34.91876440599888,4.853708252433844,12.0,2.0,5.0,,,,False
3 - PUBF Left,"PUBF, left",3,12.24999999999999,-0.5923902805897615,36.012887232001574,5.005791325248219,12.0,2.0,5.0,-0.06059363906264282,0.8158817071421894,3.4228002110842035,True
3 - PUBF Left,"PUBF, left",4,12.24999999999999,-0.5923902805897615,30.53209186999995,4.243960769929993,12.0,2.0,5.0,,,,False
3 - PUBF Left,"PUBF, left",5,12.24999999999999,-0.5923902805897615,22.92992934000004,3.1872601782600056,12.0,2.0,5.0,,,,False
3 - PUBF Left,"PUBF, left",6,12.24999999999999,-0.5923902805897615,25.18469,3.50067191,12.0,2.0,5.0,,,,False
3 - PUBF Left,"PUBF, left",7,12.24999999999999,-0.5923902805897615,33.12376101000009,4.604202780390012,12.0,2.0,5.0,,,,False
3 - PUBF Left,"PUBF, left",8,12.24999999999999,-0.5923902805897615,45.5480204219988,6.331174838657833,12.0,2.0,5.0,0.01845117684090747,0.9987590669950628,3.06026303585932,True
3 - PUBF Left,"PUBF, left",9,12.24999999999999,-0.5923902805897615,51.7296500069993,7.190421350972903,12.0,2.0,5.0,-0.29546413233982877,0.7776342260645672,2.7956430801559877,True
4 - FUF Left,"FUF, left",1,17.53333333333332,-0.6200340572978378,49.921286913333525,6.93905888095336,12.0,2.0,5.0,0.09176978509657187,1.2350928222329074,2.6239303351343786,True
4 - FUF Left,"FUF, left",2,17.53333333333332,-0.6200340572978378,50.48350291733401,7.017206905509427,12.0,2.0,5.0,0.025186138765757118,1.1085912652152448,2.7690472628937397,True
4 - FUF Left,"FUF, left",3,17.53333333333332,-0.6200340572978378,49.56981034633378,6.890203638140396,12.0,2.0,5.0,0.17305343578017812,1.2789020567533043,2.712848705603174,True
4 - FUF Left,"FUF, left",4,17.53333333333332,-0.6200340572978378,33.49984917333412,4.656479035093443,12.0,2.0,5.0,,,,False
4 - FUF Left,"FUF, left",5,17.53333333333332,-0.6200340572978378,34.135298293333186,4.744806462773313,12.0,2.0,5.0,,,,False
4 - FUF Left,"FUF, left",7,17.53333333333332,-0.6200340572978378,37.944296264333346,5.274257180742334,12.0,2.0,5.0,0.7690332363237234,2.7757454180128303,1.494982702240246,True
4 - FUF Left,"FUF, left",8,17.53333333333332,-0.6200340572978378,63.57021694000004,8.836260154660005,12.0,2.0,5.0,0.009925127338282673,0.7926559699549335,3.832735132770635,True
4 - FUF Left,"FUF, left",9,17.53333333333332,-0.6200340572978378,63.16976432666614,8.780597241406593,12.0,2.0,5.0,-0.29234724869152545,0.17740921774466367,6.386287820068816,True
4 - FUF Left,"FUF, left",10,17.53333333333332,-0.6200340572978378,65.16012351999908,9.057257169279872,12.0,2.0,5.0,-0.0773866519289047,-0.3506619191942506,,False
5 - FBF,FBF,1,12.049999999999988,-0.5626318135630284,60.46047637099956,8.40400621556894,12.0,2.0,5.0,0.08004153911016756,1.1347488705707862,2.8443909608985365,True
5 - FBF,FBF,2,12.049999999999988,-0.5626318135630284,60.705863378999595,8.438115009680944,12.0,2.0,5.0,0.10616801568154069,1.201699899500667,2.738395882684601,True
5 - FBF,FBF,3,12.049999999999988,-0.5626318135630284,69.87112330999935,9.712086140089909,12.0,2.0,5.0,0.1643783811136523,1.4161371856033858,2.3966278401556114,True
5 - FBF,FBF,4,12.049999999999988,-0.5626318135630284,40.24648953199995,5.5942620449479925,12.0,2.0,5.0,0.27302716996741255,2.7251129899185624,1.22344820706959,True
5 - FBF,FBF,5,12.049999999999988,-0.5626318135630284,37.74114769999966,5.246019530299953,12.0,2.0,5.0,0.18452817069550687,2.3617179644139075,1.3779230495455934,True
5 - FBF,FBF,6,12.049999999999988,-0.5626318135630284,38.39860152000036,5.33740561128005,12.0,2.0,5.0,0.09405082202622428,2.396076795123432,1.303199892207871,True
5 - FBF,FBF,7,12.049999999999988,-0.5626318135630284,18.10650233999992,2.516803825259989,10.863901403999952,2.0,5.0,,,,False
5 - FBF,FBF,8,12.049999999999988,-0.5626318135630284,63.29927107199968,8.798598679007956,12.0,2.0,5.0,0.06047622319154285,0.4084536323442548,8.62124931415715,True
5 - FBF,FBF,9,12.049999999999988,-0.5626318135630284,69.40233172499957,9.64692410977494,12.0,2.0,5.0,0.08889540795630711,1.4461830833847267,2.2102904596500283,True
5 - FBF,FBF,10,12.049999999999988,-0.5626318135630284,76.09579271999974,10.577315188079963,12.0,2.0,5.0,-0.08767711389951675,1.3852708047181086,2.0367318912507963,True
6 - Posterior Release,Posterior Release,1,10.816666666666654,-0.23912241805530993,75.13207186600015,10.44335798937402,12.0,2.0,5.0,0.5459021844894534,1.6432353987994346,2.733900661055305,True
6 - Posterior Release,Posterior Release,2,10.816666666666654,-0.23912241805530993,74.40248153733383,10.341944933689401,12.0,2.0,5.0,0.11660086555772023,1.610466996716274,2.0082120729742887,True
6 - Posterior Release,Posterior Release,3,10.816666666666654,-0.23912241805530993,80.49935133333396,11.189409835333421,12.0,2.0,5.0,0.07368468596527442,1.626337472333249,1.9321769981926968,True
6 - Posterior Release,Posterior Release,4,10.816666666666654,-0.23912241805530993,49.156310129999675,6.832727108069955,12.0,2.0,5.0,0.14257711914459034,2.13111133792709,1.5086489192209025,True
6 - Posterior Release,Posterior Release,6,10.816666666666654,-0.23912241805530993,45.80838,6.36736482,12.0,2.0,5.0,0.01241452863028261,3.1170175463422596,0.9663071197459999,True
6 - Posterior Release,Posterior Release,7,10.816666666666654,-0.23912241805530993,50.68945280999985,7.045833940589978,12.0,2.0,5.0,0.17561846536241688,2.663374548751584,1.2059060050264185,True
6 - Posterior Release,Posterior Release,8,10.816666666666654,-0.23912241805530993,26.743633355333962,3.7173650363914206,12.0,2.0,5.0,,,,False
6 - Posterior Release,Posterior Release,9,10.816666666666654,-0.23912241805530993,101.41056432266649,14.096068440850642,12.0,2.0,5.0,-0.5299783652575922,0.835038807652885,2.197774547849407,True
6 - Posterior Release,Posterior Release,10,10.816666666666654,-0.23912241805530993,104.8685405720002,14.576727139508028,12.0,2.0,5.0,-0.04304319065752478,1.145731164027384,2.523607603223546,True
6 - Posterior Release,Posterior Release,11,10.816666666666654,-0.23912241805530993,103.75153579999937,14.421463476199913,12.0,2.0,5.0,1.4058854146469721,0.7754575488944278,,False
6 - Posterior Release,Posterior Release,12,10.816666666666654,-0.23912241805530993,116.24578698466715,16.158164390868734,12.0,2.0,5.0,-0.0012608793703037594,-0.3082636778278095,,False
7 - SPO,SPO,1,10.73333333333332,-0.38795950363472725,104.69185734166648,14.55216817049164,12.0,2.0,5.0,0.7750059864224177,2.358824950872122,1.8941558772421603,True
7 - SPO,SPO,2,10.73333333333332,-0.38795950363472725,111.28842798133358,15.469091489405368,12.0,2.0,5.0,0.49501857200050503,1.4540996830709414,3.127994040724753,True
7 - SPO,SPO,3,10.73333333333332,-0.38795950363472725,102.1206318953329,14.194767833451275,12.0,2.0,5.0,0.8129406542477933,2.409842312101482,1.878637914392388,True
7 - SPO,SPO,4,10.73333333333332,-0.38795950363472725,43.19509526933343,6.004118242437347,12.0,2.0,5.0,0.04329906165959405,3.3810376591989266,0.898812148504283,True
7 - SPO,SPO,5,10.73333333333332,-0.38795950363472725,26.39421339333336,3.668795661673337,12.0,2.0,5.0,,,,False
7 - SPO,SPO,6,10.73333333333332,-0.38795950363472725,24.47525954666652,3.4020610769866466,12.0,2.0,5.0,,,,False
7 - SPO,SPO,7,10.73333333333332,-0.38795950363472725,26.011953380665958,3.615661519912568,12.0,2.0,5.0,,,,False
7 - SPO,SPO,8,10.73333333333332,-0.38795950363472725,24.452470212333267,3.398893359514324,12.0,2.0,5.0,,,,False
7 - SPO,SPO,9,10.73333333333332,-0.38795950363472725,24.25927,3.37203853,12.0,2.0,5.0,,,,False
7 - SPO,SPO,10,10.73333333333332,-0.38795950363472725,28.838266760999257,4.008519079778897,12.0,2.0,5.0,,,,False
7 - SPO,SPO,11,10.73333333333332,-0.38795950363472725,23.840620056666747,3.313846187876678,12.0,2.0,5.0,,,,False
7 - SPO,SPO,12,10.73333333333332,-0.38795950363472725,25.25143676333323,3.5099497101033195,12.0,2.0,5.0,,,,False
7 - SPO,SPO,13,10.73333333333332,-0.38795950363472725,23.378370553333127,3.2495935069133046,12.0,2.0,5.0,,,,False
7 - SPO,SPO,14,10.73333333333332,-0.38795950363472725,88.0305051789997,12.23624021988096,12.0,2.0,5.0,-0.056284999930193445,1.0639899307299088,2.6779140708185825,True
7 - SPO,SPO,15,10.73333333333332,-0.38795950363472725,97.1941688876647,13.509989475385392,12.0,2.0,5.0,0.1520247845360892,2.251134782704065,1.4291771286965844,True
7 - SPO,SPO,16,10.73333333333332,-0.38795950363472725,94.46901076333317,13.131192496103312,12.0,2.0,5.0,0.5893497570986225,2.313145149611114,1.7403457585690583,True
