file_name,intervention,cycle,exclusion_reason,exclusion_reason_marks,plot_file
2 - Intact Holding Longer,"intact, but holding",2,monotonicity_gate,gate:monotonicity,C:\Projects\Smart_Instruments\Lamina_Spreader_Lab\Data_analysis\output\exclusion_examples\all_excluded_cycles_1to4\intact__but_holding_cycle_02_monotonicity_gate.png
2 - Intact Holding Longer,"intact, but holding",3,dtheta_too_small,secant:dtheta_too_small;gate:monotonicity,C:\Projects\Smart_Instruments\Lamina_Spreader_Lab\Data_analysis\output\exclusion_examples\all_excluded_cycles_1to4\intact__but_holding_cycle_03_dtheta_too_small.png
2 - Intact Holding Longer,"intact, but holding",4,mhigh_not_reached_on_final_climb,secant:mhigh_not_reached_on_final_climb,C:\Projects\Smart_Instruments\Lamina_Spreader_Lab\Data_analysis\output\exclusion_examples\all_excluded_cycles_1to4\intact__but_holding_cycle_04_mhigh_not_reached_on_final_climb.png
2 - Intact Holding Longer,"intact, but holding",5,mhigh_not_reached_on_final_climb,secant:mhigh_not_reached_on_final_climb,C:\Projects\Smart_Instruments\Lamina_Spreader_Lab\Data_analysis\output\exclusion_examples\all_excluded_cycles_1to4\intact__but_holding_cycle_05_mhigh_not_reached_on_final_climb.png
2 - Intact Holding Longer,"intact, but holding",6,mhigh_not_reached_on_final_climb,secant:mhigh_not_reached_on_final_climb,C:\Projects\Smart_Instruments\Lamina_Spreader_Lab\Data_analysis\output\exclusion_examples\all_excluded_cycles_1to4\intact__but_holding_cycle_06_mhigh_not_reached_on_final_climb.png
2 - Intact Holding Longer,"intact, but holding",7,geometry_gate,gate:geometry,C:\Projects\Smart_Instruments\Lamina_Spreader_Lab\Data_analysis\output\exclusion_examples\all_excluded_cycles_1to4\intact__but_holding_cycle_07_geometry_gate.png
3 - PUBF Left,"PUBF, left",4,mhigh_not_reached_on_final_climb,secant:mhigh_not_reached_on_final_climb,C:\Projects\Smart_Instruments\Lamina_Spreader_Lab\Data_analysis\output\exclusion_examples\all_excluded_cycles_1to4\PUBF__left_cycle_04_mhigh_not_reached_on_final_climb.png
3 - PUBF Left,"PUBF, left",5,mhigh_not_reached_on_final_climb,secant:mhigh_not_reached_on_final_climb,C:\Projects\Smart_Instruments\Lamina_Spreader_Lab\Data_analysis\output\exclusion_examples\all_excluded_cycles_1to4\PUBF__left_cycle_05_mhigh_not_reached_on_final_climb.png
3 - PUBF Left,"PUBF, left",6,mhigh_not_reached_on_final_climb,secant:mhigh_not_reached_on_final_climb,C:\Projects\Smart_Instruments\Lamina_Spreader_Lab\Data_analysis\output\exclusion_examples\all_excluded_cycles_1to4\PUBF__left_cycle_06_mhigh_not_reached_on_final_climb.png
3 - PUBF Left,"PUBF, left",7,mhigh_not_reached_on_final_climb,secant:mhigh_not_reached_on_final_climb,C:\Projects\Smart_Instruments\Lamina_Spreader_Lab\Data_analysis\output\exclusion_examples\all_excluded_cycles_1to4\PUBF__left_cycle_07_mhigh_not_reached_on_final_climb.png
3 - PUBF Left,"PUBF, left",9,dtheta_too_small,secant:dtheta_too_small,C:\Projects\Smart_Instruments\Lamina_Spreader_Lab\Data_analysis\output\exclusion_examples\all_excluded_cycles_1to4\PUBF__left_cycle_09_dtheta_too_small.png
4 - FUF Left,"FUF, left",9,dtheta_too_small,secant:dtheta_too_small;gate:monotonicity,C:\Projects\Smart_Instruments\Lamina_Spreader_Lab\Data_analysis\output\exclusion_examples\all_excluded_cycles_1to4\FUF__left_cycle_09_dtheta_too_small.png
4 - FUF Left,"FUF, left",10,dtheta_too_small,secant:dtheta_too_small;gate:geometry,C:\Projects\Smart_Instruments\Lamina_Spreader_Lab\Data_analysis\output\exclusion_examples\all_excluded_cycles_1to4\FUF__left_cycle_10_dtheta_too_small.png
5 - FBF,FBF,7,mhigh_not_reached_on_final_climb,secant:mhigh_not_reached_on_final_climb;gate:monotonicity,C:\Projects\Smart_Instruments\Lamina_Spreader_Lab\Data_analysis\output\exclusion_examples\all_excluded_cycles_1to4\FBF_cycle_07_mhigh_not_reached_on_final_climb.png
5 - FBF,FBF,8,geometry_gate,gate:geometry,C:\Projects\Smart_Instruments\Lamina_Spreader_Lab\Data_analysis\output\exclusion_examples\all_excluded_cycles_1to4\FBF_cycle_08_geometry_gate.png
6 - Posterior Release,Posterior Release,8,mhigh_not_reached_on_final_climb,secant:mhigh_not_reached_on_final_climb;gate:monotonicity,C:\Projects\Smart_Instruments\Lamina_Spreader_Lab\Data_analysis\output\exclusion_examples\all_excluded_cycles_1to4\Posterior_Release_cycle_08_mhigh_not_reached_on_final_climb.png
6 - Posterior Release,Posterior Release,10,geometry_gate+monotonicity_gate,gate:geometry;gate:monotonicity,C:\Projects\Smart_Instruments\Lamina_Spreader_Lab\Data_analysis\output\exclusion_examples\all_excluded_cycles_1to4\Posterior_Release_cycle_10_geometry_gate_monotonicity_gate.png
6 - Posterior Release,Posterior Release,11,dtheta_too_small,secant:dtheta_too_small;gate:geometry;gate:monotonicity,C:\Projects\Smart_Instruments\Lamina_Spreader_Lab\Data_analysis\output\exclusion_examples\all_excluded_cycles_1to4\Posterior_Release_cycle_11_dtheta_too_small.png
6 - Posterior Release,Posterior Release,12,dtheta_too_small,secant:dtheta_too_small;gate:geometry;gate:monotonicity,C:\Projects\Smart_Instruments\Lamina_Spreader_Lab\Data_analysis\output\exclusion_examples\all_excluded_cycles_1to4\Posterior_Release_cycle_12_dtheta_too_small.png
7 - SPO,SPO,5,mhigh_not_reached_on_final_climb,secant:mhigh_not_reached_on_final_climb,C:\Projects\Smart_Instruments\Lamina_Spreader_Lab\Data_analysis\output\exclusion_examples\all_excluded_cycles_1to4\SPO_cycle_05_mhigh_not_reached_on_final_climb.png
7 - SPO,SPO,6,mhigh_not_reached_on_final_climb,secant:mhigh_not_reached_on_final_climb;gate:monotonicity,C:\Projects\Smart_Instruments\Lamina_Spreader_Lab\Data_analysis\output\exclusion_examples\all_excluded_cycles_1to4\SPO_cycle_06_mhigh_not_reached_on_final_climb.png
7 - SPO,SPO,7,mhigh_not_reached_on_final_climb,secant:mhigh_not_reached_on_final_climb,C:\Projects\Smart_Instruments\Lamina_Spreader_Lab\Data_analysis\output\exclusion_examples\all_excluded_cycles_1to4\SPO_cycle_07_mhigh_not_reached_on_final_climb.png
7 - SPO,SPO,8,mhigh_not_reached_on_final_climb,secant:mhigh_not_reached_on_final_climb;gate:monotonicity,C:\Projects\Smart_Instruments\Lamina_Spreader_Lab\Data_analysis\output\exclusion_examples\all_excluded_cycles_1to4\SPO_cycle_08_mhigh_not_reached_on_final_climb.png
7 - SPO,SPO,9,mhigh_not_reached_on_final_climb,secant:mhigh_not_reached_on_final_climb;gate:monotonicity,C:\Projects\Smart_Instruments\Lamina_Spreader_Lab\Data_analysis\output\exclusion_examples\all_excluded_cycles_1to4\SPO_cycle_09_mhigh_not_reached_on_final_climb.png
7 - SPO,SPO,10,mhigh_not_reached_on_final_climb,secant:mhigh_not_reached_on_final_climb,C:\Projects\Smart_Instruments\Lamina_Spreader_Lab\Data_analysis\output\exclusion_examples\all_excluded_cycles_1to4\SPO_cycle_10_mhigh_not_reached_on_final_climb.png
7 - SPO,SPO,11,mhigh_not_reached_on_final_climb,secant:mhigh_not_reached_on_final_climb;gate:monotonicity,C:\Projects\Smart_Instruments\Lamina_Spreader_Lab\Data_analysis\output\exclusion_examples\all_excluded_cycles_1to4\SPO_cycle_11_mhigh_not_reached_on_final_climb.png
7 - SPO,SPO,12,mhigh_not_reached_on_final_climb,secant:mhigh_not_reached_on_final_climb;gate:monotonicity,C:\Projects\Smart_Instruments\Lamina_Spreader_Lab\Data_analysis\output\exclusion_examples\all_excluded_cycles_1to4\SPO_cycle_12_mhigh_not_reached_on_final_climb.png
7 - SPO,SPO,13,mhigh_not_reached_on_final_climb,secant:mhigh_not_reached_on_final_climb;gate:monotonicity,C:\Projects\Smart_Instruments\Lamina_Spreader_Lab\Data_analysis\output\exclusion_examples\all_excluded_cycles_1to4\SPO_cycle_13_mhigh_not_reached_on_final_climb.png
7 - SPO,SPO,14,monotonicity_gate,gate:monotonicity,C:\Projects\Smart_Instruments\Lamina_Spreader_Lab\Data_analysis\output\exclusion_examples\all_excluded_cycles_1to4\SPO_cycle_14_monotonicity_gate.png
