file_name,intervention,cycle,excluded,exclusion_reason,exclusion_reason_marks,secant_reason,auto_exclusion_reason,valid_secant,pass_auto_exclusion,pass_geometry_gate,pass_monotonicity_gate,mark_dtheta_too_small,mark_mhigh_not_reached,mark_geometry_gate,mark_monotonicity_gate,dtheta_secant_deg,theta_low_deg,theta_high_deg,k_sec_Nm_per_deg,gate_opposite_ratio,gate_n_up_m,gate_n_opposite,gate_radius_std_mm,gate_z_std_mm,M_low_Nm,M_high_Nm
2 - Intact Holding Longer,"intact, but holding",2,True,monotonicity_gate,gate:monotonicity,ok,monotonicity_gate,True,False,True,False,False,False,False,True,0.4527930141815906,-0.0103853634215809,0.4424076507600097,6.625543915297384,0.5333333333333333,30,16,0.081268360983228,0.298508380180759,1.0,4.0
2 - Intact Holding Longer,"intact, but holding",3,True,dtheta_too_small,secant:dtheta_too_small;gate:monotonicity,dtheta_too_small,monotonicity_gate,False,False,True,False,True,False,False,True,-0.1133303716817044,1.0918780825090004,0.978547710827296,,0.4375,32,14,0.0811863133867789,0.8700382054521308,1.0,4.0
2 - Intact Holding Longer,"intact, but holding",4,True,mhigh_not_reached_on_final_climb,secant:mhigh_not_reached_on_final_climb,mhigh_not_reached_on_final_climb,ok,False,True,True,True,False,True,False,False,,,,,0.1351351351351351,111,15,0.0299182171066611,0.1680659858420825,1.0,4.0
2 - Intact Holding Longer,"intact, but holding",5,True,mhigh_not_reached_on_final_climb,secant:mhigh_not_reached_on_final_climb,mhigh_not_reached_on_final_climb,ok,False,True,True,True,False,True,False,False,,,,,0.044776119402985,67,3,0.0443173779249276,0.3797937642153366,1.0,4.0
2 - Intact Holding Longer,"intact, but holding",6,True,mhigh_not_reached_on_final_climb,secant:mhigh_not_reached_on_final_climb,mhigh_not_reached_on_final_climb,ok,False,True,True,True,False,True,False,False,,,,,0.3164556962025316,79,25,0.0363286231817485,0.3331646168554306,1.0,4.0
2 - Intact Holding Longer,"intact, but holding",7,True,geometry_gate,gate:geometry,ok,geometry_gate,True,False,False,True,False,False,True,False,0.9852955924626372,0.2331516274506593,1.2184472199132963,3.044771561904416,0.3333333333333333,45,15,0.1473609041355434,1.2769091629822225,1.0,4.0
3 - PUBF Left,"PUBF, left",4,True,mhigh_not_reached_on_final_climb,secant:mhigh_not_reached_on_final_climb,mhigh_not_reached_on_final_climb,ok,False,True,True,True,False,True,False,False,,,,,0.2333333333333333,60,14,0.0262384392607827,0.2650498088003477,1.0,4.0
3 - PUBF Left,"PUBF, left",5,True,mhigh_not_reached_on_final_climb,secant:mhigh_not_reached_on_final_climb,mhigh_not_reached_on_final_climb,ok,False,True,True,True,False,True,False,False,,,,,0.0526315789473684,38,2,0.0151597471150317,0.2399616054298524,1.0,4.0
3 - PUBF Left,"PUBF, left",6,True,mhigh_not_reached_on_final_climb,secant:mhigh_not_reached_on_final_climb,mhigh_not_reached_on_final_climb,ok,False,True,True,True,False,True,False,False,,,,,0.1224489795918367,49,6,0.0130622463727245,0.2097862756213518,1.0,4.0
3 - PUBF Left,"PUBF, left",7,True,mhigh_not_reached_on_final_climb,secant:mhigh_not_reached_on_final_climb,mhigh_not_reached_on_final_climb,ok,False,True,True,True,False,True,False,False,,,,,0.0983606557377049,61,6,0.0916381148158966,0.1419196846925573,1.0,4.0
3 - PUBF Left,"PUBF, left",9,True,dtheta_too_small,secant:dtheta_too_small,dtheta_too_small,ok,False,True,True,True,True,False,False,False,0.129658092221867,2.1034747141942267,2.233132806416094,,0.3461538461538461,26,9,0.1357786010695243,0.7289662576422039,1.0,4.0
4 - FUF Left,"FUF, left",9,True,dtheta_too_small,secant:dtheta_too_small;gate:monotonicity,dtheta_too_small,monotonicity_gate,False,False,True,False,True,False,False,True,0.2220178416007593,-0.5780906359020225,-0.3560727943012631,,0.4444444444444444,18,8,0.0824126857656224,0.3453815416323368,1.0,4.0
4 - FUF Left,"FUF, left",10,True,dtheta_too_small,secant:dtheta_too_small;gate:geometry,dtheta_too_small,geometry_gate,False,False,False,True,True,False,True,False,-0.2584494325160413,2.3136687056311533,2.055219273115112,,0.3103448275862069,29,9,0.1292586728567742,1.808801286017844,1.0,4.0
5 - FBF,FBF,7,True,mhigh_not_reached_on_final_climb,secant:mhigh_not_reached_on_final_climb;gate:monotonicity,mhigh_not_reached_on_final_climb,monotonicity_gate,False,False,True,False,False,True,False,True,,,,,0.5833333333333334,12,7,0.133648970415297,0.5807275083624555,1.0,4.0
5 - FBF,FBF,8,True,geometry_gate,gate:geometry,ok,geometry_gate,True,False,False,True,False,False,True,False,1.1644901140556871,0.1246129106996526,1.2891030247553397,2.576234837710728,0.2903225806451613,31,9,0.2070717511690301,0.8004657538777978,1.0,4.0
6 - Posterior Release,Posterior Release,8,True,mhigh_not_reached_on_final_climb,secant:mhigh_not_reached_on_final_climb;gate:monotonicity,mhigh_not_reached_on_final_climb,monotonicity_gate,False,False,True,False,False,True,False,True,,,,,1.0,4,4,0.0075405832176642,0.0858111219825927,1.0,4.0
6 - Posterior Release,Posterior Release,10,True,geometry_gate+monotonicity_gate,gate:geometry;gate:monotonicity,ok,geometry_gate+monotonicity_gate,True,False,False,False,False,False,True,True,0.8872435632226493,0.1192179483503984,1.0064615115730478,3.381258680652908,0.4545454545454545,22,10,0.1955968137611773,1.343174800426736,1.0,4.0
6 - Posterior Release,Posterior Release,11,True,dtheta_too_small,secant:dtheta_too_small;gate:geometry;gate:monotonicity,dtheta_too_small,geometry_gate+monotonicity_gate,False,False,False,False,True,False,True,True,-0.75855740222692,0.6143752352194038,-0.1441821670075161,,0.6875,16,11,0.2936714139884585,2.0656410157424285,1.0,4.0
6 - Posterior Release,Posterior Release,12,True,dtheta_too_small,secant:dtheta_too_small;gate:geometry;gate:monotonicity,dtheta_too_small,geometry_gate+monotonicity_gate,False,False,False,False,True,False,True,True,0.043959620362037,-0.094819558112013,-0.050859937749976,,0.7142857142857143,14,10,0.2270299922731968,1.9649823028240017,1.0,4.0
7 - SPO,SPO,5,True,mhigh_not_reached_on_final_climb,secant:mhigh_not_reached_on_final_climb,mhigh_not_reached_on_final_climb,ok,False,True,True,True,False,True,False,False,,,,,0.1666666666666666,30,5,0.0357672386947296,0.3366594496626224,1.0,4.0
7 - SPO,SPO,6,True,mhigh_not_reached_on_final_climb,secant:mhigh_not_reached_on_final_climb;gate:monotonicity,mhigh_not_reached_on_final_climb,monotonicity_gate,False,False,True,False,False,True,False,True,,,,,0.6666666666666666,9,6,0.0045486674980545,0.0275913246064885,1.0,4.0
7 - SPO,SPO,7,True,mhigh_not_reached_on_final_climb,secant:mhigh_not_reached_on_final_climb,mhigh_not_reached_on_final_climb,ok,False,True,True,True,False,True,False,False,,,,,0.2916666666666667,24,7,0.0223482472280861,0.0692993757672926,1.0,4.0
7 - SPO,SPO,8,True,mhigh_not_reached_on_final_climb,secant:mhigh_not_reached_on_final_climb;gate:monotonicity,mhigh_not_reached_on_final_climb,monotonicity_gate,False,False,True,False,False,True,False,True,,,,,1.0,8,8,0.0055239385067328,0.0743159846103977,1.0,4.0
7 - SPO,SPO,9,True,mhigh_not_reached_on_final_climb,secant:mhigh_not_reached_on_final_climb;gate:monotonicity,mhigh_not_reached_on_final_climb,monotonicity_gate,False,False,True,False,False,True,False,True,,,,,0.8181818181818182,11,9,0.0062736373802425,0.0847197866293201,1.0,4.0
7 - SPO,SPO,10,True,mhigh_not_reached_on_final_climb,secant:mhigh_not_reached_on_final_climb,mhigh_not_reached_on_final_climb,ok,False,True,True,True,False,True,False,False,,,,,0.0434782608695652,46,2,0.043547752730714,0.5540770597078043,1.0,4.0
7 - SPO,SPO,11,True,mhigh_not_reached_on_final_climb,secant:mhigh_not_reached_on_final_climb;gate:monotonicity,mhigh_not_reached_on_final_climb,monotonicity_gate,False,False,True,False,False,True,False,True,,,,,1.0,9,9,0.0053658822447951,0.0092309239240633,1.0,4.0
7 - SPO,SPO,12,True,mhigh_not_reached_on_final_climb,secant:mhigh_not_reached_on_final_climb;gate:monotonicity,mhigh_not_reached_on_final_climb,monotonicity_gate,False,False,True,False,False,True,False,True,,,,,0.6538461538461539,26,17,0.0125098243264975,0.3036535748974409,1.0,4.0
7 - SPO,SPO,13,True,mhigh_not_reached_on_final_climb,secant:mhigh_not_reached_on_final_climb;gate:monotonicity,mhigh_not_reached_on_final_climb,monotonicity_gate,False,False,True,False,False,True,False,True,,,,,0.6363636363636364,33,21,0.0119491380056743,0.3009086733529642,1.0,4.0
7 - SPO,SPO,14,True,monotonicity_gate,gate:monotonicity,ok,monotonicity_gate,True,False,True,False,False,False,False,True,1.0147016018408226,1.0798278509321606,2.094529452772983,2.9565342111981936,0.45,20,9,0.1321118688158464,0.5570795348764707,1.0,4.0
