file_name,intervention,cycle,lag_s,theta0_deg,F_preload_start_N,F_peak_raw_N,M_peak_raw_Nm,F_peak_dyn_N,M_peak_dyn_Nm,F_eng_dyn_N,M_low_Nm,M_high_Nm,theta_low_deg,theta_high_deg,k_sec_Nm_per_deg,valid_secant
2 - Intact Holding Longer,"intact, but holding",1,10.766666666666653,-0.5808139799509149,3.0941044499996475,53.030345845000134,7.371218072455019,49.936241395000486,6.941137553905068,12.0,2.0,5.0,0.054915861728516785,0.3619530942833173,9.770801980715987,True
2 - Intact Holding Longer,"intact, but holding",2,10.766666666666653,-0.5808139799509149,3.502215282332818,52.037103426000456,7.233157376214064,48.53488814366764,6.7463494519698015,12.0,2.0,5.0,-0.04810730182883231,0.37858177074352567,7.030880781441291,True
2 - Intact Holding Longer,"intact, but holding",3,10.766666666666653,-0.5808139799509149,1.1255750046671706,52.80559325266652,7.339977462120646,51.68001824799935,7.1835225364719095,12.0,2.0,5.0,0.01944756913850413,1.5144836784978102,2.0066404959848376,True
2 - Intact Holding Longer,"intact, but holding",4,10.766666666666653,-0.5808139799509149,2.4587416266656255,32.04588466766701,4.454377968805715,29.587143041001386,4.112612882699192,12.0,2.0,5.0,,,,False
2 - Intact Holding Longer,"intact, but holding",5,10.766666666666653,-0.5808139799509149,1.5369377100003803,28.172468371999745,3.9159731037079646,26.635530661999365,3.702338762017912,12.0,2.0,5.0,,,,False
2 - Intact Holding Longer,"intact, but holding",6,10.766666666666653,-0.5808139799509149,4.257678562000294,26.002556486666833,3.61435535164669,21.74487792466654,3.022538031528649,12.0,2.0,5.0,,,,False
2 - Intact Holding Longer,"intact, but holding",7,10.766666666666653,-0.5808139799509149,1.9039737826658178,41.90660723366684,5.825018405479691,40.002633451001024,5.560366049689143,12.0,2.0,5.0,0.0199302843642059,0.705608178631133,4.375232197338612,True
2 - Intact Holding Longer,"intact, but holding",8,10.766666666666653,-0.5808139799509149,4.457709648665872,47.119678955000026,6.549635374745004,42.66196930633416,5.930013733580448,12.0,2.0,5.0,0.014422481587615742,1.4946955719455302,2.0266530679650683,True
2 - Intact Holding Longer,"intact, but holding",9,10.766666666666653,-0.5808139799509149,6.34575,42.44790680333336,5.900259045663337,36.10215680333336,5.018199795663337,12.0,2.0,5.0,0.1530767347891616,1.6205901661182938,2.044274305062332,True
3 - PUBF Left,"PUBF, left",1,12.24999999999999,-0.5923902805897615,1.38658004000018,34.225080760999944,4.757286225778992,32.83850072099976,4.564551600218967,12.0,2.0,5.0,,,,False
3 - PUBF Left,"PUBF, left",2,12.24999999999999,-0.5923902805897615,-0.2942507600005595,34.91876440599888,4.853708252433844,35.21301516599944,4.894609108073921,12.0,2.0,5.0,,,,False
3 - PUBF Left,"PUBF, left",3,12.24999999999999,-0.5923902805897615,2.1671335440003205,36.012887232001574,5.005791325248219,33.84575368800125,4.704559762632174,12.0,2.0,5.0,,,,False
3 - PUBF Left,"PUBF, left",4,12.24999999999999,-0.5923902805897615,5.061159040000007,30.53209186999995,4.243960769929993,25.470932829999942,3.540459663369992,12.0,2.0,5.0,,,,False
3 - PUBF Left,"PUBF, left",5,12.24999999999999,-0.5923902805897615,-0.6973577470001293,22.92992934000004,3.1872601782600056,23.62728708700017,3.2841929050930236,12.0,2.0,5.0,,,,False
3 - PUBF Left,"PUBF, left",6,12.24999999999999,-0.5923902805897615,3.717054721000075,25.18469,3.50067191,21.467635278999925,2.9840013037809894,12.0,2.0,5.0,,,,False
3 - PUBF Left,"PUBF, left",7,12.24999999999999,-0.5923902805897615,3.0494648550003567,33.12376101000009,4.604202780390012,30.074296154999733,4.180327165544963,12.0,2.0,5.0,,,,False
3 - PUBF Left,"PUBF, left",8,12.24999999999999,-0.5923902805897615,1.353767999998828,45.5480204219988,6.331174838657833,44.19425242199997,6.143001086657996,12.0,2.0,5.0,-0.0485620964728514,0.9821167050495283,2.9107031167894446,True
3 - PUBF Left,"PUBF, left",9,12.24999999999999,-0.5923902805897615,0.8325647039998991,51.7296500069993,7.190421350972903,50.8970853029994,7.074694857116917,12.0,2.0,5.0,-0.0026577829842501046,1.1059610934064201,2.706069744876705,True
4 - FUF Left,"FUF, left",1,17.53333333333332,-0.6200340572978378,-1.1864713936660762,49.921286913333525,6.93905888095336,51.1077583069996,7.103978404672945,12.0,2.0,5.0,0.15559957243921638,1.2985529650092036,2.624778945057726,True
4 - FUF Left,"FUF, left",2,17.53333333333332,-0.6200340572978378,-0.017897449333244775,50.48350291733401,7.017206905509427,50.501400366667255,7.019694650966748,12.0,2.0,5.0,0.024902491290479063,1.1080389910762911,2.769734009142194,True
4 - FUF Left,"FUF, left",3,17.53333333333332,-0.6200340572978378,-3.0115976976669816,49.56981034633378,6.890203638140396,52.58140804400076,7.308815718116106,12.0,2.0,5.0,0.4306567831725644,1.7926733943820259,2.202616308281307,True
4 - FUF Left,"FUF, left",4,17.53333333333332,-0.6200340572978378,0.8942364133331433,33.49984917333412,4.656479035093443,32.60561276000097,4.532180173640135,12.0,2.0,5.0,,,,False
4 - FUF Left,"FUF, left",5,17.53333333333332,-0.6200340572978378,2.3851683333333336,34.135298293333186,4.744806462773313,31.750129959999853,4.41326806443998,12.0,2.0,5.0,,,,False
4 - FUF Left,"FUF, left",7,17.53333333333332,-0.6200340572978378,0.924458224666848,37.944296264333346,5.274257180742334,37.019838039666496,5.145757487513643,12.0,2.0,5.0,0.429245102516674,2.355371642424149,1.557530067647638,True
4 - FUF Left,"FUF, left",8,17.53333333333332,-0.6200340572978378,5.6693445336671955,63.57021694000004,8.836260154660005,57.900872406332844,8.048221264480265,12.0,2.0,5.0,0.0005219295851000248,0.9340711488199955,3.213542401608665,True
4 - FUF Left,"FUF, left",9,17.53333333333332,-0.6200340572978378,5.4920052373335215,63.16976432666614,8.780597241406593,57.67775908933262,8.017208513417234,12.0,2.0,5.0,-0.011223065904825124,1.063410917809938,2.7916481755301357,True
4 - FUF Left,"FUF, left",10,17.53333333333332,-0.6200340572978378,4.655109960000347,65.16012351999908,9.057257169279872,60.50501355999873,8.410196884839824,12.0,2.0,5.0,-0.46912694768053914,0.1559982025650463,4.799039038537204,True
5 - FBF,FBF,1,12.049999999999988,-0.5626318135630284,0.9673579259998581,60.46047637099956,8.40400621556894,59.4931184449997,8.269543463854959,12.0,2.0,5.0,0.10201722849175654,1.136663504695681,2.899541678153889,True
5 - FBF,FBF,2,12.049999999999988,-0.5626318135630284,1.7485283309998703,60.705863378999595,8.438115009680944,58.95733504799973,8.195069571671961,12.0,2.0,5.0,0.07081961258129083,1.2761507982792983,2.488942487838062,True
5 - FBF,FBF,3,12.049999999999988,-0.5626318135630284,0.8057459499998544,69.87112330999935,9.712086140089909,69.06537735999949,9.60008745303993,12.0,2.0,5.0,0.1642774385855579,1.4032970665020632,2.4212691489356803,True
5 - FBF,FBF,4,12.049999999999988,-0.5626318135630284,8.786169119999954,40.24648953199995,5.5942620449479925,31.460320411999994,4.372984537268,12.0,2.0,5.0,,,,False
5 - FBF,FBF,5,12.049999999999988,-0.5626318135630284,2.866460477002332,37.74114769999966,5.246019530299953,34.87468722299732,4.847581523996627,12.0,2.0,5.0,,,,False
5 - FBF,FBF,6,12.049999999999988,-0.5626318135630284,3.1519291050010327,38.39860152000036,5.33740561128005,35.24667241499933,4.899287465684907,12.0,2.0,5.0,,,,False
5 - FBF,FBF,7,12.049999999999988,-0.5626318135630284,1.9719901729986027,18.10650233999992,2.516803825259989,16.13451216700132,2.2426971912131837,9.68070730020079,2.0,5.0,,,,False
5 - FBF,FBF,8,12.049999999999988,-0.5626318135630284,1.9719901729986027,63.29927107199968,8.798598679007956,61.327280899001074,8.52449204496115,12.0,2.0,5.0,-0.25572446806370636,0.37644175288315385,4.745587316428569,True
5 - FBF,FBF,9,12.049999999999988,-0.5626318135630284,4.246947240999074,69.40233172499957,9.64692410977494,65.15538448400049,9.05659844327607,12.0,2.0,5.0,0.1633229729312554,1.3312934317539815,2.5685581149234684,True
5 - FBF,FBF,10,12.049999999999988,-0.5626318135630284,4.238830852000022,76.09579271999974,10.577315188079963,71.85696186799971,9.98811769965196,12.0,2.0,5.0,0.1148240170511015,1.4377851721763213,2.2676402767971267,True
6 - Posterior Release,Posterior Release,1,10.816666666666654,-0.23912241805530993,3.3050800000000002,75.13207186600015,10.44335798937402,71.82699186600014,9.98395186937402,12.0,2.0,5.0,0.12504588233493308,1.1309856035991483,2.982286052120249,True
6 - Posterior Release,Posterior Release,2,10.816666666666654,-0.23912241805530993,2.84237,74.40248153733383,10.341944933689401,71.56011153733382,9.9468555036894,12.0,2.0,5.0,0.09986092137708567,1.7093596839070455,1.8639343315084758,True
6 - Posterior Release,Posterior Release,3,10.816666666666654,-0.23912241805530993,1.2276083533330477,80.49935133333396,11.189409835333421,79.27174298000091,11.018772274220126,12.0,2.0,5.0,0.0888409867141129,1.6296143497758953,1.9470741589395617,True
6 - Posterior Release,Posterior Release,4,10.816666666666654,-0.23912241805530993,9.057277253332915,49.156310129999675,6.832727108069955,40.09903287666676,5.57376556985668,12.0,2.0,5.0,0.09535973680243386,2.8468719308559276,1.0903095419615194,True
6 - Posterior Release,Posterior Release,6,10.816666666666654,-0.23912241805530993,4.342614586666658,45.80838,6.36736482,41.465765413333344,5.763741392453335,12.0,2.0,5.0,0.027271907014887416,3.082487532865982,0.9819274209702586,True
6 - Posterior Release,Posterior Release,7,10.816666666666654,-0.23912241805530993,2.500339392333485,50.68945280999985,7.045833940589978,48.18911341766636,6.698286765055625,12.0,2.0,5.0,0.07360099521276639,3.329788747863823,0.9213227945954655,True
6 - Posterior Release,Posterior Release,8,10.816666666666654,-0.23912241805530993,17.239908864332296,26.743633355333962,3.7173650363914206,9.503724491001666,1.3210177042492317,5.702234694601,2.0,5.0,,,,False
6 - Posterior Release,Posterior Release,9,10.816666666666654,-0.23912241805530993,8.83497295333342,101.41056432266649,14.096068440850642,92.57559136933307,12.868007200337297,12.0,2.0,5.0,0.5533312197889433,1.757237164724396,2.4918890155998397,True
6 - Posterior Release,Posterior Release,10,10.816666666666654,-0.23912241805530993,3.1920055120005775,104.8685405720002,14.576727139508028,101.67653505999962,14.133038373339947,12.0,2.0,5.0,0.7163622854055764,1.6359036261742057,3.262496058624564,True
6 - Posterior Release,Posterior Release,11,10.816666666666654,-0.23912241805530993,3.0810492493340114,103.75153579999937,14.421463476199913,100.67048655066536,13.993197630542484,12.0,2.0,5.0,-0.11163538241643012,-0.4978685306784896,,False
6 - Posterior Release,Posterior Release,12,10.816666666666654,-0.23912241805530993,2.8729787066675683,116.24578698466715,16.158164390868734,113.37280827799958,15.758820350641942,12.0,2.0,5.0,-0.06281486702758149,-0.08447678839868228,,False
7 - SPO,SPO,1,10.73333333333332,-0.38795950363472725,4.1053925299997545,104.69185734166648,14.55216817049164,100.58646481166673,13.981518608821675,12.0,2.0,5.0,0.1913802025023828,1.531372799441796,2.238818338886422,True
7 - SPO,SPO,2,10.73333333333332,-0.38795950363472725,4.224799976666689,111.28842798133358,15.469091489405368,107.0636280046669,14.8818442926487,12.0,2.0,5.0,0.07825442090275467,1.0246400227772894,3.169955242406276,True
7 - SPO,SPO,3,10.73333333333332,-0.38795950363472725,5.522545725999264,102.1206318953329,14.194767833451275,96.59808616933364,13.427133977537377,12.0,2.0,5.0,0.10241886964629167,1.4456921659123838,2.2333504345981754,True
7 - SPO,SPO,4,10.73333333333332,-0.38795950363472725,6.364919966666757,43.19509526933343,6.004118242437347,36.830175302666674,5.119394367070668,12.0,2.0,5.0,0.06736976896500621,3.4067172382776962,0.8983791077654656,True
7 - SPO,SPO,5,10.73333333333332,-0.38795950363472725,12.162690000000001,26.39421339333336,3.668795661673337,14.231523393333358,1.9781817516733367,8.538914036000014,2.0,5.0,,,,False
7 - SPO,SPO,6,10.73333333333332,-0.38795950363472725,21.030043385667977,24.47525954666652,3.4020610769866466,3.4452161609985446,0.4788850463787977,2.067129696599127,2.0,5.0,,,,False
7 - SPO,SPO,7,10.73333333333332,-0.38795950363472725,21.030043385667977,26.011953380665958,3.615661519912568,4.981909994997981,0.6924854893047193,2.9891459969987886,2.0,5.0,,,,False
7 - SPO,SPO,8,10.73333333333332,-0.38795950363472725,22.246120014666,24.452470212333267,3.398893359514324,2.206350197667266,0.30668267747575,1.3238101186003597,2.0,5.0,,,,False
7 - SPO,SPO,9,10.73333333333332,-0.38795950363472725,20.846291999668466,24.25927,3.37203853,3.4129780003315346,0.4744039420460833,2.047786800198921,2.0,5.0,,,,False
7 - SPO,SPO,10,10.73333333333332,-0.38795950363472725,7.795733052666138,28.838266760999257,4.008519079778897,21.042533708333117,2.9249121854583033,12.0,2.0,5.0,,,,False
7 - SPO,SPO,11,10.73333333333332,-0.38795950363472725,21.72538333333377,23.840620056666747,3.313846187876678,2.115236723332977,0.2940179045432838,1.269142033999786,2.0,5.0,,,,False
7 - SPO,SPO,12,10.73333333333332,-0.38795950363472725,18.971196270000448,25.25143676333323,3.5099497101033195,6.280240493332784,0.872953428573257,3.76814429599967,2.0,5.0,,,,False
7 - SPO,SPO,13,10.73333333333332,-0.38795950363472725,18.971196270000448,23.378370553333127,3.2495935069133046,4.4071742833326795,0.6125972253832423,2.6443045699996075,2.0,5.0,,,,False
7 - SPO,SPO,14,10.73333333333332,-0.38795950363472725,3.8722143696681033,88.0305051789997,12.23624021988096,84.1582908093316,11.698002422497092,12.0,2.0,5.0,0.3851713207633724,1.2633499686468401,3.41616140090677,True
7 - SPO,SPO,15,10.73333333333332,-0.38795950363472725,2.8946340550003544,97.1941688876647,13.509989475385392,94.29953483266435,13.107635341740345,12.0,2.0,5.0,-0.3164790693493885,2.732732667271855,0.9838608332671007,True
7 - SPO,SPO,16,10.73333333333332,-0.38795950363472725,2.6663934563333562,94.46901076333317,13.131192496103312,91.80261730699982,12.760563805672975,12.0,2.0,5.0,0.3170431323495079,2.0148760231810803,1.7669583480213096,True
