file_name,intervention,cycle,F_preload_start_N,M_peak_Nm,F_peak_N,F_eng_N,th_ramp@2.0,th_eng@2.0,th_ramp@3.0,th_eng@3.0,th_ramp@4.0,th_eng@4.0,th_ramp@5.0,th_eng@5.0
2 - Intact Holding Longer,Intact Holding,1,3.0941044499996475,6.941137553905068,49.936241395000486,12.0,0.21590779904130117,0.054915861728516785,0.2794282998728647,0.11843636256008033,0.3030434335456262,0.1420514962328418,0.5229450315961016,0.3619530942833173
2 - Intact Holding Longer,Intact Holding,2,3.502215282332818,6.7463494519698015,48.53488814366764,12.0,0.3432188226571312,-0.04810730182883231,0.30055921638032373,-0.09076690810563984,0.44962721413954476,0.05830108965358123,0.7699078952294892,0.37858177074352567
2 - Intact Holding Longer,Intact Holding,3,1.1255750046671706,7.1835225364719095,51.68001824799935,12.0,1.0391288046000557,0.01944756913850413,1.0471563762507057,0.02747514078915396,1.214271936281887,0.1945907008203352,2.534164913959362,1.5144836784978102
2 - Intact Holding Longer,Intact Holding,4,2.4587416266656255,4.112612882699192,29.587143041001386,12.0,0.48035095677242734,0.13616793307245453,1.1876472109215743,0.8434641872216018,1.8775528348946813,1.5333698111947085,,
2 - Intact Holding Longer,Intact Holding,5,1.5369377100003803,3.702338762017912,26.635530661999365,12.0,0.4761750983329177,0.1625150314250097,1.753658247545377,1.439998180637469,,,,
2 - Intact Holding Longer,Intact Holding,6,4.257678562000294,3.022538031528649,21.74487792466654,12.0,0.7570254353005711,0.27360135111371425,1.9689750525026875,1.4855509683158306,,,,
2 - Intact Holding Longer,Intact Holding,7,1.9039737826658178,5.560366049689143,40.002633451001024,12.0,2.0209998544231804,0.0199302843642059,2.0545720402053367,0.05350247014636196,2.209347965916826,0.20827839585785124,2.7066777486901077,0.705608178631133
2 - Intact Holding Longer,Intact Holding,8,4.457709648665872,5.930013733580448,42.66196930633416,12.0,-0.20188231957321925,0.014422481587615742,0.2666178229918832,0.4829226241527182,0.7650557599062131,0.9813605610670482,1.278390770784695,1.4946955719455302
2 - Intact Holding Longer,Intact Holding,9,6.34575,5.018199795663337,36.10215680333336,12.0,2.1313038313892494,0.1530767347891616,2.370537560187955,0.3923104635878667,3.5141988350517677,1.5359717384516798,3.5988172627183816,1.6205901661182938
3 - PUBF Left,PUBF Left,1,1.38658004000018,4.564551600218967,32.83850072099976,12.0,1.6134577778800945,0.5946513845703253,2.6167428750059956,1.5979364816962263,2.8118106799842715,1.793004286674502,,
3 - PUBF Left,PUBF Left,2,-0.2942507600005595,4.894609108073921,35.21301516599944,12.0,0.12447102352308352,0.02551335835124928,0.5737178262016164,0.4747601610297821,0.9634961662574091,0.8645385010855748,,
3 - PUBF Left,PUBF Left,3,2.1671335440003205,4.704559762632174,33.84575368800125,12.0,0.6854953248665527,0.05943441953590567,1.0697798614230458,0.44371895609239864,1.3424353343983286,0.7163744290676818,,
3 - PUBF Left,PUBF Left,4,5.061159040000007,3.540459663369992,25.470932829999942,12.0,0.9748354650939397,0.2703718125836381,1.4988687339475653,0.7944050814372637,,,,
3 - PUBF Left,PUBF Left,5,-0.6973577470001293,3.2841929050930236,23.62728708700017,12.0,0.5271862506248309,0.05020709489252273,1.3343040551997303,0.857324899467422,,,,
3 - PUBF Left,PUBF Left,6,3.717054721000075,2.9840013037809894,21.467635278999925,12.0,1.2426228414825717,0.10891904077897048,,,,,,
3 - PUBF Left,PUBF Left,7,3.0494648550003567,4.180327165544963,30.074296154999733,12.0,0.5872455740767141,0.05527155347332299,0.7970476073590653,0.26507358675567433,1.2060889647236008,0.6741149441202096,,
3 - PUBF Left,PUBF Left,8,1.353767999998828,6.143001086657996,44.19425242199997,12.0,-0.0687706161842641,-0.0485620964728514,0.3283823672766075,0.3485908869880202,0.7805691103377871,0.8007776300491998,0.9619081853381156,0.9821167050495283
3 - PUBF Left,PUBF Left,9,0.8325647039998991,7.074694857116917,50.8970853029994,12.0,1.3427231745209307,-0.0026577829842501046,1.852417392863849,0.5070364353586684,2.221260513140174,0.8758795556349933,2.451342050911601,1.1059610934064201
4 - FUF Left,FUF Left,1,-1.1864713936660762,7.103978404672945,51.1077583069996,12.0,1.0895970372500663,0.15559957243921638,1.5741364803267113,0.6401390155158613,1.825638872128973,0.8916414073181229,2.2325504298200536,1.2985529650092036
4 - FUF Left,FUF Left,2,-0.017897449333244775,7.019694650966748,50.501400366667255,12.0,1.672198671697268,0.024902491290479063,2.0108139181016447,0.3635177376948559,2.281023195453386,0.6337270150465975,2.7553351714830803,1.1080389910762911
4 - FUF Left,FUF Left,3,-3.0115976976669816,7.308815718116106,52.58140804400076,12.0,1.4195660977856424,0.4306567831725644,2.1911154568605307,1.2022061422474524,2.492335805010599,1.503426490397521,2.7815827089951037,1.7926733943820259
4 - FUF Left,FUF Left,4,0.8942364133331433,4.532180173640135,32.60561276000097,12.0,0.6040782334242216,0.007445838683117247,1.5468443188940373,0.950211924152933,2.477017567636767,1.8803851728956624,,
4 - FUF Left,FUF Left,5,2.3851683333333336,4.41326806443998,31.750129959999853,12.0,0.3543445554282869,0.1606209276936831,0.902796396834921,0.7090727691003171,1.9628518882762707,1.7691282605416667,,
4 - FUF Left,FUF Left,7,0.924458224666848,5.145757487513643,37.019838039666496,12.0,0.830261553915946,0.429245102516674,1.7289038567969623,1.3278874053976903,2.358365434729698,1.9573489833304258,2.756388093823421,2.355371642424149
4 - FUF Left,FUF Left,8,5.6693445336671955,8.048221264480265,57.900872406332844,12.0,0.2459702057365384,0.0005219295851000248,0.5782673657995288,0.3328190896480904,1.0178166377564526,0.7723683616050141,1.1795194249714338,0.9340711488199955
4 - FUF Left,FUF Left,9,5.4920052373335215,8.017208513417234,57.67775908933262,12.0,-1.058696729616257,-0.011223065904825124,-0.8895573211837517,0.1579163425276801,-0.4924609104455667,0.5550127532658652,0.015937254098506,1.063410917809938
4 - FUF Left,FUF Left,10,4.655109960000347,8.410196884839824,60.50501355999873,12.0,1.5783289094938426,-0.46912694768053914,1.9791947264426235,-0.0682611307317581,2.1410616651047647,0.09360580793038295,2.2034540597394283,0.1559982025650463
5 - FBF,FBF,1,0.9673579259998581,8.269543463854959,59.4931184449997,12.0,2.3255557332502943,0.10201722849175654,2.6641594945958493,0.4406209898373118,3.135153793212363,0.9116152884538256,3.3602020094542184,1.136663504695681
5 - FBF,FBF,2,1.7485283309998703,8.195069571671961,58.95733504799973,12.0,1.7121503143960635,0.07081961258129083,2.2808454039196016,0.6395147021048287,2.607519691970928,0.9661889901561551,2.917481500094071,1.2761507982792983
5 - FBF,FBF,3,0.8057459499998544,9.60008745303993,69.06537735999949,12.0,1.9027874591609029,0.1642774385855579,2.3473480921560474,0.6088380715807024,2.8570396034680523,1.118529582892707,3.1418070870774084,1.4032970665020632
5 - FBF,FBF,4,8.786169119999954,4.372984537268,31.460320411999994,12.0,1.5501635622174499,-0.06196874085552635,2.5871029699819474,0.9749706669089712,2.973994303626748,1.3618620005537716,,
5 - FBF,FBF,5,2.866460477002332,4.847581523996627,34.87468722299732,12.0,1.1219371338842115,0.1577681794105963,2.05069858637617,1.0865296319025548,2.777170242338618,1.8130012878650026,,
5 - FBF,FBF,6,3.1519291050010327,4.899287465684907,35.24667241499933,12.0,0.6282893584874608,0.22091997660009705,1.1376084871878407,0.730239105300477,2.445592323797597,2.0382229419102336,,
5 - FBF,FBF,7,1.9719901729986027,2.2426971912131837,16.13451216700132,9.68070730020079,0.74674780832459,-0.20981551997634504,,,,,,
5 - FBF,FBF,8,1.9719901729986027,8.52449204496115,61.327280899001074,12.0,0.74674780832459,-0.25572446806370636,0.567624047018708,-0.43484822936958845,1.2854865744259338,0.2830142980376376,1.3789140292714501,0.37644175288315385
5 - FBF,FBF,9,4.246947240999074,9.05659844327607,65.15538448400049,12.0,1.141055033416538,0.1633229729312554,1.7381883647410894,0.7604563042558068,2.1659514362769716,1.1882193757916892,2.309025492239264,1.3312934317539815
5 - FBF,FBF,10,4.238830852000022,9.98811769965196,71.85696186799971,12.0,0.45005663368063614,0.1148240170511015,0.9333508067445659,0.5981181901150313,1.5868102470176548,1.2515776303881203,1.7730177888058558,1.4377851721763213
6 - Posterior Release,Posterior Release,1,3.3050800000000002,9.98395186937402,71.82699186600014,12.0,2.1027814639633933,0.12504588233493308,2.4889999229793194,0.5112643413508594,2.844879656866408,0.8671440752379478,3.1087211852276084,1.1309856035991483
6 - Posterior Release,Posterior Release,2,2.84237,9.9468555036894,71.56011153733382,12.0,1.363118323551513,0.09986092137708567,1.8751357747804012,0.6118783726059734,2.42611394813316,1.1628565459587323,2.972617086081473,1.7093596839070455
6 - Posterior Release,Posterior Release,3,1.2276083533330477,11.018772274220126,79.27174298000091,12.0,-0.13228883979204675,0.0888409867141129,0.6530322435686166,0.8741620700747762,0.9858176089445837,1.2069474354507432,1.4084845232697356,1.6296143497758953
6 - Posterior Release,Posterior Release,4,9.057277253332915,5.57376556985668,40.09903287666676,12.0,1.0541188965909376,0.09535973680243386,1.3942560273743674,0.4354968675858638,2.051985415055249,1.0932262552667453,3.8056310906444315,2.8468719308559276
6 - Posterior Release,Posterior Release,6,4.342614586666658,5.763741392453335,41.465765413333344,12.0,0.32791662416285566,0.027271907014887416,1.1357995953697555,0.8351548782217872,3.1358170453069403,2.835172328158972,3.3831322500139502,3.082487532865982
6 - Posterior Release,Posterior Release,7,2.500339392333485,6.698286765055625,48.18911341766636,12.0,-0.4922821454757395,0.07360099521276639,-0.30654014952874903,0.25934299115975684,0.41694510910698224,0.9828282497954881,2.763905607175317,3.329788747863823
6 - Posterior Release,Posterior Release,8,17.239908864332296,1.3210177042492317,9.503724491001666,5.702234694601,,,,,,,,
6 - Posterior Release,Posterior Release,9,8.83497295333342,12.868007200337297,92.57559136933307,12.0,0.6399595320711549,0.5533312197889433,0.7007705294696115,0.6141422171873999,1.0918535661612905,1.0052252538790787,1.8438654770066079,1.757237164724396
6 - Posterior Release,Posterior Release,10,3.1920055120005775,14.133038373339947,101.67653505999962,12.0,0.7241567080473379,0.7163622854055764,0.598006094810329,0.5902116721685676,0.9623656758109735,0.9545712531692121,1.6436980488159671,1.6359036261742057
6 - Posterior Release,Posterior Release,11,3.0810492493340114,13.993197630542484,100.67048655066536,12.0,0.39080268985547917,-0.11163538241643012,-0.022220771266465305,-0.5246588435383746,-0.04809801527805228,-0.5505360875499615,0.004569541593419721,-0.4978685306784896
6 - Posterior Release,Posterior Release,12,2.8729787066675683,15.758820350641942,113.37280827799958,12.0,0.7604645477414338,-0.06281486702758149,0.5218325940105596,-0.3014468207584555,0.44708825063748436,-0.3761911641315308,0.7388026263703329,-0.08447678839868228
7 - SPO,SPO,1,4.1053925299997545,13.981518608821675,100.58646481166673,12.0,1.832240038890357,0.1913802025023828,2.191468711873556,0.5506088754855818,2.5202820894206153,0.8794222530326409,3.1722326358297703,1.531372799441796
7 - SPO,SPO,2,4.224799976666689,14.8818442926487,107.0636280046669,12.0,1.9907486906163832,0.07825442090275467,2.251395853443884,0.3389015837302557,2.5692194456394812,0.6567251759258529,2.9371342924909176,1.0246400227772894
7 - SPO,SPO,3,5.522545725999264,13.427133977537377,96.59808616933364,12.0,1.6272437044370078,0.10241886964629167,2.3646238721085786,0.8397990373178622,2.699739492871563,1.1749146580808463,2.9705170007031,1.4456921659123838
7 - SPO,SPO,4,6.364919966666757,5.119394367070668,36.830175302666674,12.0,0.6113886649647325,0.06736976896500621,2.36560235047305,1.821583454473324,3.629560426833878,3.085541530834152,3.9507361342774225,3.4067172382776962
7 - SPO,SPO,5,12.162690000000001,1.9781817516733367,14.231523393333358,8.538914036000014,,,,,,,,
7 - SPO,SPO,6,21.030043385667977,0.4788850463787977,3.4452161609985446,2.067129696599127,,,,,,,,
7 - SPO,SPO,7,21.030043385667977,0.6924854893047193,4.981909994997981,2.9891459969987886,,,,,,,,
7 - SPO,SPO,8,22.246120014666,0.30668267747575,2.206350197667266,1.3238101186003597,,,,,,,,
7 - SPO,SPO,9,20.846291999668466,0.4744039420460833,3.4129780003315346,2.047786800198921,,,,,,,,
7 - SPO,SPO,10,7.795733052666138,2.9249121854583033,21.042533708333117,12.0,2.908408638866366,0.9028005172328588,,,,,,
7 - SPO,SPO,11,21.72538333333377,0.2940179045432838,2.115236723332977,1.269142033999786,,,,,,,,
7 - SPO,SPO,12,18.971196270000448,0.872953428573257,6.280240493332784,3.76814429599967,,,,,,,,
7 - SPO,SPO,13,18.971196270000448,0.872953428573257,4.4071742833326795,2.6443045699996075,,,,,,,,
7 - SPO,SPO,14,3.8722143696681033,11.698002422497092,84.1582908093316,12.0,1.22136923913932,0.3851713207633724,1.7863729063462213,0.9501749879702736,1.9742201892907054,1.1380222709147578,2.0995478870227875,1.2633499686468401
7 - SPO,SPO,15,2.8946340550003544,13.107635341740345,94.29953483266435,12.0,-0.1293101165528156,-0.3164790693493885,1.1317253517490384,0.9445563989524653,1.8882847921782409,1.7011158393816679,2.919901620068428,2.732732667271855
7 - SPO,SPO,16,2.6663934563333562,12.760563805672975,91.80261730699982,12.0,0.5151894252499106,0.3170431323495079,1.0825155776673536,0.8843692847669509,1.3512423753806788,1.153096082480276,2.213022316081483,2.0148760231810803
