file_name,intervention,cycle,t_start_s,t_peak_s,lag_s,theta0_deg,F_preload_start_N,theta_ref_deg,theta_ref_window_n,theta_ref_mode,F_peak_raw_N,M_peak_raw_Nm,F_peak_dyn_N,M_peak_dyn_Nm,M_low_Nm,M_high_Nm,theta_low_deg,theta_high_deg,dtheta_secant_deg,k_sec_Nm_per_deg,secant_reason,valid_secant,gate_band_n,gate_n_up_m,gate_n_opposite,gate_opposite_ratio,gate_corr_theta_m,gate_radius_std_mm,gate_z_std_mm,pass_geometry_gate,pass_monotonicity_gate,pass_auto_exclusion,auto_exclusion_reason,k_sec_auto_Nm_per_deg
2 - Intact Holding Longer,"intact, but holding",1,27.233616666666656,31.433721666666656,10.766666666666653,-0.5621697067502374,3.0941044499996475,-0.20478101423028106,10,preramp_median_fallback,53.030345845000134,6.9931117065801685,49.936241395000486,6.5850921527587145,1.0,4.0,-0.015764499519183274,0.3452075500043898,0.3609720495235731,8.310892779536623,ok,True,28,26,2,0.07692307692307693,0.711216588256458,0.08051023816333541,0.364042510303351,True,True,True,ok,8.310892779536623
2 - Intact Holding Longer,"intact, but holding",2,63.26745566666665,66.86754066666666,10.766666666666653,-0.5621697067502374,3.502215282332818,-0.020210990481342395,4,force_zero_band,52.037103426000456,6.86213282878668,48.53488814366764,6.400295699505451,1.0,4.0,-0.010385363421580918,0.4424076507600097,0.4527930141815906,6.625543915297384,ok,True,35,30,16,0.5333333333333333,0.056865376899278626,0.08126836098322805,0.29850838018075904,True,False,False,monotonicity_gate,
2 - Intact Holding Longer,"intact, but holding",3,95.80138866666665,101.06809266666666,10.766666666666653,-0.5621697067502374,1.1255750046671706,-0.8325169932075416,5,force_zero_band,52.80559325266652,6.963473582229134,51.68001824799935,6.815044006363674,1.0,4.0,1.0918780825090004,0.978547710827296,-0.11333037168170446,,dtheta_too_small,False,42,32,14,0.4375,-0.5641487135334144,0.08118631338677891,0.8700382054521308,True,False,False,monotonicity_gate,
2 - Intact Holding Longer,"intact, but holding",4,133.10199666666665,141.23550566666665,10.766666666666653,-0.5621697067502374,2.4587416266656255,0.04877639917431098,3,force_zero_band,32.04588466766701,4.2258908111252484,29.587143041001386,3.901656552816853,1.0,4.0,,,,,mhigh_not_reached_on_final_climb,False,186,111,15,0.13513513513513514,0.9336383325275902,0.02991821710666118,0.16806598584208252,True,True,True,ok,
2 - Intact Holding Longer,"intact, but holding",5,165.13582966666664,169.93599866666665,10.766666666666653,-0.5621697067502374,1.5369377100003803,-0.7674611780998224,5,force_zero_band,28.172468371999745,3.715103404215607,26.635530661999365,3.512427428397856,1.0,4.0,,,,,mhigh_not_reached_on_final_climb,False,94,67,3,0.04477611940298507,0.9581800686431835,0.04431737792492769,0.37979376421533667,True,True,True,ok,
2 - Intact Holding Longer,"intact, but holding",6,194.10294466666664,200.80313566666666,10.766666666666653,-0.5621697067502374,4.257678562000294,-0.11294480831819165,14,force_zero_band,26.002556486666833,3.4289571238967556,21.74487792466654,2.8674970519257768,1.0,4.0,,,,,mhigh_not_reached_on_final_climb,False,137,79,25,0.31645569620253167,0.943842467746577,0.036328623181748586,0.3331646168554306,True,True,True,ok,
2 - Intact Holding Longer,"intact, but holding",7,224.70350466666665,229.97026966666664,10.766666666666653,-0.5621697067502374,1.9039737826658178,0.3740258634302196,10,preramp_median_fallback,41.90660723366684,5.5262242959036465,40.002633451001024,5.275147273183506,1.0,4.0,0.23315162745065937,1.2184472199132965,0.9852955924626372,3.0447715619044153,ok,True,64,45,15,0.3333333333333333,0.8230988932168971,0.1473609041355434,1.2769091629822225,False,True,False,geometry_gate,
2 - Intact Holding Longer,"intact, but holding",8,259.37072866666665,264.57081166666666,10.766666666666653,-0.5621697067502374,4.457709648665872,1.7202573363282587,10,preramp_median_fallback,47.119678955000026,6.213672063795853,42.66196930633416,5.625833892426285,1.0,4.0,-1.4400522943798713,-0.5808686584793427,0.8591836359005286,3.4916866134858777,ok,True,53,40,11,0.275,0.9087107622491285,0.08828463275043111,0.30523725768750853,True,True,True,ok,3.4916866134858777
2 - Intact Holding Longer,"intact, but holding",9,293.40470066666666,299.27139666666665,10.766666666666653,-0.5621697067502374,6.34575,-2.180742535292759,3,force_zero_band,42.44790680333336,5.59760547015557,36.10215680333336,4.760791417655571,1.0,4.0,2.174530901345523,3.8313001796594683,1.6567692783139454,1.8107530356025363,ok,True,77,49,9,0.1836734693877551,0.9278785340885022,0.059204060486057,0.40714445490479173,True,True,True,ok,1.8107530356025363
3 - PUBF Left,"PUBF, left",1,66.31755899999999,71.71765099999999,12.24999999999999,-0.5725763592549218,1.38658004000018,0.10048401220844866,10,preramp_median_fallback,34.225080760999944,4.5132613999530635,32.83850072099976,4.330413090078238,1.0,4.0,0.4717111723557573,2.8143119204074813,2.342600748051724,1.2806279527123932,ok,True,100,58,6,0.10344827586206896,0.8793452900537685,0.07941572912681966,0.2716759726834853,True,True,True,ok,1.2806279527123932
3 - PUBF Left,"PUBF, left",2,99.65137099999998,104.41806599999998,12.24999999999999,-0.5725763592549218,-0.2942507600005595,0.6074601070556455,3,force_zero_band,34.91876440599888,4.604737462219072,35.21301516599944,4.643540309940346,1.0,4.0,-0.37592712722748634,0.8560386736253469,1.2319658008528331,2.435132532025839,ok,True,68,48,4,0.08333333333333333,0.9673823743481419,0.029802089255234337,0.2673705246498865,True,True,True,ok,2.435132532025839
3 - PUBF Left,"PUBF, left",3,124.05173599999999,128.918541,12.24999999999999,-0.5725763592549218,2.1671335440003205,0.34990532242836925,5,force_zero_band,36.012887232001574,4.749019439284048,33.84575368800125,4.463239538836725,1.0,4.0,0.3182229539238798,1.2536108734878602,0.9353879195639804,3.2072255128101435,ok,True,76,54,12,0.2222222222222222,0.9864478411179247,0.04120612913259162,0.1982522148451882,True,True,True,ok,3.2072255128101435
3 - PUBF Left,"PUBF, left",4,153.785664,157.818967,12.24999999999999,-0.5725763592549218,5.061159040000007,0.24226777237756203,3,force_zero_band,30.53209186999995,4.026266954896894,25.470932829999942,3.3588519122920926,1.0,4.0,,,,,mhigh_not_reached_on_final_climb,False,92,60,14,0.23333333333333334,0.9653999872376453,0.026238439260782738,0.2650498088003477,True,True,True,ok,
3 - PUBF Left,"PUBF, left",5,179.219357,182.419447,12.24999999999999,-0.5725763592549218,-0.6973577470001293,0.07978421234300082,3,force_zero_band,22.92992934000004,3.0237697820658056,23.62728708700017,3.115730348162712,1.0,4.0,,,,,mhigh_not_reached_on_final_climb,False,53,38,2,0.05263157894736842,0.975952893996998,0.015159747115031727,0.2399616054298524,True,True,True,ok,
3 - PUBF Left,"PUBF, left",6,201.953081,206.486485,12.24999999999999,-0.5725763592549218,3.717054721000075,-0.0022917897624384898,10,preramp_median_fallback,25.18469,3.3211050703000002,21.467635278999925,2.8309370642417204,1.0,4.0,,,,,mhigh_not_reached_on_final_climb,False,78,49,6,0.12244897959183673,0.9728187022816347,0.013062246372724552,0.20978627562135185,True,True,True,ok,
3 - PUBF Left,"PUBF, left",7,230.753555,236.820347,12.24999999999999,-0.5725763592549218,3.0494648550003567,0.02404216554332006,3,force_zero_band,33.12376101000009,4.368030364388712,30.074296154999733,3.9658974339598148,1.0,4.0,,,,,mhigh_not_reached_on_final_climb,False,96,61,6,0.09836065573770492,0.8791041652677287,0.09163811481589663,0.1419196846925573,True,True,True,ok,
3 - PUBF Left,"PUBF, left",8,260.92096,264.08755099999996,12.24999999999999,-0.5725763592549218,1.353767999998828,0.6546454592076352,10,preramp_median_fallback,45.5480204219988,6.006417453048981,44.19425242199997,5.827896066889136,1.0,4.0,-0.2963737284031044,0.7105383902352497,1.006912118638354,2.979405992309335,ok,True,41,32,5,0.15625,0.9503373436388689,0.031281640887649,0.23461592156517613,True,True,True,ok,2.979405992309335
3 - PUBF Left,"PUBF, left",9,287.088016,291.921157,12.24999999999999,-0.5725763592549218,0.8325647039998991,-0.5489986066291164,10,preramp_median_fallback,51.7296500069993,6.821588946422998,50.8970853029994,6.711798638906531,1.0,4.0,2.1034747141942267,2.233132806416094,0.12965809222186708,,dtheta_too_small,False,33,26,9,0.34615384615384615,0.43895736781577016,0.1357786010695243,0.7289662576422039,True,True,True,ok,
4 - FUF Left,"FUF, left",1,44.66707033333332,49.33389433333332,17.53333333333332,-0.5970316501026847,-1.1864713936660762,-0.051773947414218535,10,preramp_median_fallback,49.921286913333525,6.583120105261292,51.1077583069996,6.739580087944038,1.0,4.0,0.22674587156007803,2.118284222948637,1.8915383513885589,1.5860106657619344,ok,True,46,35,0,0.0,0.9451061624229633,0.03857459431022953,0.09234070916279637,True,True,True,ok,1.5860106657619344
4 - FUF Left,"FUF, left",2,77.76756933333333,82.10106133333332,17.53333333333332,-0.5970316501026847,-0.017897449333244775,0.0808452758736129,3,force_zero_band,50.48350291733401,6.657259529708836,50.501400366667255,6.659619666352412,1.0,4.0,0.7693856757958975,2.374792518174141,1.6054068423782437,1.8686851960564783,ok,True,37,32,0,0.0,0.942329083523732,0.037312261137117025,0.28233751910058963,True,True,True,ok,1.8686851960564783
4 - FUF Left,"FUF, left",3,112.96813233333332,117.83524033333332,17.53333333333332,-0.5970316501026847,-3.0115976976669816,-0.2002520232489466,10,preramp_median_fallback,49.56981034633378,6.536770890371036,52.58140804400076,6.93391027876238,1.0,4.0,0.2451228110274086,2.444855031177117,2.1997322201497083,1.3638023630875524,ok,True,41,32,0,0.0,0.9438397253128286,0.0531582626577075,0.23794238458210248,True,True,True,ok,1.3638023630875524
4 - FUF Left,"FUF, left",4,154.40229833333333,160.96890333333334,17.53333333333332,-0.5970316501026847,0.8942364133331433,-0.2007071791815787,10,preramp_median_fallback,33.49984917333412,4.417625110487571,32.60561276000097,4.299702154661329,1.0,4.0,0.3008039164376015,2.709705658609412,2.4089017421718104,1.2453808088059537,ok,True,158,95,25,0.2631578947368421,0.8953447036538685,0.14996512246257204,0.44719026703932746,True,True,True,ok,1.2453808088059537
4 - FUF Left,"FUF, left",5,194.86958333333334,197.70296533333334,17.53333333333332,-0.5970316501026847,2.3851683333333336,0.11129509263001677,10,preramp_median_fallback,34.135298293333186,4.501421785941847,31.750129959999853,4.186889637825181,1.0,4.0,-0.18666795905470696,1.9430076737237456,2.1296756327784525,1.408665222922277,ok,True,70,46,4,0.08695652173913043,0.9561418847512964,0.03795444402061436,0.22410966526324844,True,True,True,ok,1.408665222922277
4 - FUF Left,"FUF, left",7,224.53671533333332,229.00343433333333,17.53333333333332,-0.5970316501026847,0.924458224666848,-0.3282815264921901,3,force_zero_band,37.944296264333346,5.003714348377638,37.019838039666496,4.881806042290821,1.0,4.0,0.2006147688349852,2.2862569229151637,2.0856421540801784,1.4384059097247566,ok,True,68,51,9,0.17647058823529413,0.9636282211225492,0.10965839126776515,0.7358807653977919,True,True,True,ok,1.4384059097247566
4 - FUF Left,"FUF, left",8,274.7707763333333,280.40431533333333,17.53333333333332,-0.5970316501026847,5.6693445336671955,0.34487011858733424,3,force_zero_band,63.57021694000004,8.383004507877805,57.900872406332844,7.635388044223112,1.0,4.0,0.27749078461007815,1.0389952189525509,0.7615044343424727,3.9395699679547826,ok,True,35,29,10,0.3448275862068966,0.9286898236815115,0.06178274074179304,0.28817945108179494,True,True,True,ok,3.9395699679547826
4 - FUF Left,"FUF, left",9,314.4047893333333,318.6382363333333,17.53333333333332,-0.5970316501026847,5.4920052373335215,1.5141936969866518,10,preramp_median_fallback,63.16976432666614,8.330196821757465,57.67775908933262,7.605966091110293,1.0,4.0,-0.5780906359020225,-0.35607279430126315,0.22201784160075932,,dtheta_too_small,False,19,18,8,0.4444444444444444,0.37020046628437786,0.08241268576562244,0.3453815416323368,True,False,False,monotonicity_gate,
4 - FUF Left,"FUF, left",10,343.17192133333333,348.0053683333333,17.53333333333332,-0.5970316501026847,4.655109960000347,-0.8018640832638657,3,force_zero_band,65.16012351999908,8.592665488582279,60.50501355999873,7.978796138157033,1.0,4.0,2.3136687056311533,2.055219273115112,-0.25844943251604136,,dtheta_too_small,False,33,29,9,0.3103448275862069,-0.05128953879563193,0.12925867285677428,1.8088012860178437,False,True,False,geometry_gate,
5 - FBF,FBF,1,45.68408599999999,49.51732099999999,12.049999999999988,-0.5441453798981915,0.9673579259998581,-0.10509247916816983,10,preramp_median_fallback,60.46047637099956,7.972923019043712,59.4931184449997,7.8453575293421105,1.0,4.0,1.6653956489557533,3.019808275775865,1.3544126268201118,2.214982303467885,ok,True,35,32,0,0.0,0.9935776525914137,0.02811221260901238,0.19366101899986707,True,True,True,ok,2.214982303467885
5 - FBF,FBF,2,79.08452099999998,83.11790899999998,12.049999999999988,-0.5441453798981915,1.7485283309998703,0.006676866814508964,10,preramp_median_fallback,60.705863378999595,8.005282203788678,58.95733504799973,7.774703772779724,1.0,4.0,1.492653230398061,2.7246923150397584,1.2320390846416973,2.4349876861840487,ok,True,23,22,0,0.0,0.989225494363241,0.04966863157235188,0.34986240513490485,True,True,True,ok,2.4349876861840487
5 - FBF,FBF,3,120.65189499999998,124.61860999999999,12.049999999999988,-0.5441453798981915,0.8057459499998544,0.09977685362080274,10,preramp_median_fallback,69.87112330999935,9.213905030889615,69.06537735999949,9.107651312463133,1.0,4.0,1.0295770862784566,2.923126585293568,1.8935494990151116,1.5843261565437736,ok,True,45,40,0,0.0,0.9840362130300871,0.032809270822882014,0.33030968684691997,True,True,True,ok,1.5843261565437736
5 - FBF,FBF,4,163.41919199999998,171.319292,12.049999999999988,-0.5441453798981915,8.786169119999954,0.14140366338221522,3,force_zero_band,40.24648953199995,5.307304574584833,31.460320411999994,4.148672452730439,1.0,4.0,0.9542883013815753,3.1073140782564934,2.153025776874918,1.3933878693985964,ok,True,174,108,28,0.25925925925925924,0.9594999356584519,0.06736716037779014,0.451346284050058,True,True,True,ok,1.3933878693985964
5 - FBF,FBF,5,195.18636299999997,201.11978499999998,12.049999999999988,-0.5441453798981915,2.866460477002332,-0.006038111413203651,5,force_zero_band,37.74114769999966,4.976925147198956,34.87468722299732,4.598925004096658,1.0,4.0,0.5249815571681488,2.7960254158846913,2.2710438587165425,1.3209784515986494,ok,True,121,83,12,0.14457831325301204,0.970781567361207,0.032220425019258876,0.6107365024677671,True,True,True,ok,1.3209784515986494
5 - FBF,FBF,6,239.68719499999997,243.22048399999997,12.049999999999988,-0.5441453798981915,3.1519291050010327,0.17499734035635972,4,force_zero_band,38.39860152000036,5.063623582442448,35.24667241499933,4.647978691365962,1.0,4.0,0.2651584033169022,2.437902772829957,2.172744369513055,1.3807422732718186,ok,True,59,46,5,0.10869565217391304,0.9789660893144347,0.05278276222251335,0.33794355158090617,True,True,True,ok,1.3807422732718186
5 - FBF,FBF,7,287.021297,288.054597,12.049999999999988,-0.5441453798981915,1.9719901729986027,0.17270386624608786,3,force_zero_band,18.10650233999992,2.3877044635757896,16.13451216700132,2.127658119462464,1.0,4.0,,,,,mhigh_not_reached_on_final_climb,False,14,12,7,0.5833333333333334,-0.2094837737031899,0.13364897041529705,0.5807275083624555,True,False,False,monotonicity_gate,
5 - FBF,FBF,8,287.021297,291.788032,12.049999999999988,-0.5441453798981915,1.9719901729986027,0.17270386624608786,3,force_zero_band,63.29927107199968,8.347274876264597,61.327280899001074,8.087228532151272,1.0,4.0,0.1246129106996526,1.2891030247553397,1.1644901140556871,2.576234837710728,ok,True,41,31,9,0.2903225806451613,0.5165595645274829,0.20707175116903018,0.8004657538777978,False,True,False,geometry_gate,
5 - FBF,FBF,9,319.588439,322.821775,12.049999999999988,-0.5441453798981915,4.246947240999074,0.5532292836270407,10,preramp_median_fallback,69.40233172499957,9.152085484575693,65.15538448400049,8.592040551905146,1.0,4.0,1.31100570755354,2.690769650434401,1.379763942880861,2.1742849677142506,ok,True,27,22,0,0.0,0.9884958864883863,0.0266840456429493,0.3069236033674426,True,True,True,ok,2.1742849677142506
5 - FBF,FBF,10,350.822252,354.98902400000003,12.049999999999988,-0.5441453798981915,4.238830852000022,-0.15908632277399115,10,preramp_median_fallback,76.09579271999974,10.034752185986367,71.85696186799971,9.475777561533123,1.0,4.0,-0.15671152795116336,1.4375033655989133,1.5942148935500766,1.881804022868869,ok,True,21,17,0,0.0,0.975390807411867,0.1051902994448897,0.8362499356659243,True,True,True,ok,1.881804022868869
6 - Posterior Release,Posterior Release,1,28.350098666666653,38.416920666666655,10.816666666666654,-0.23068320686942764,3.3050800000000002,-0.4369117354813268,3,force_zero_band,75.13207186600015,9.90766631696944,71.82699186600014,9.47182541736944,1.0,4.0,1.0853841789916991,2.8219358135940364,1.7365516346023373,1.7275616458631746,ok,True,34,31,0,0.0,0.9573599111899812,0.040103047496334907,0.11827449332483876,True,True,True,ok,1.7275616458631746
6 - Posterior Release,Posterior Release,2,60.850655666666654,65.75070266666665,10.816666666666654,-0.23068320686942764,2.84237,-0.06102588749046725,3,force_zero_band,74.40248153733383,9.811455240328213,71.56011153733382,9.436631908428211,1.0,4.0,0.7560745964001783,2.4665671894112298,1.7104925930110515,1.7538807313505957,ok,True,21,20,0,0.0,0.995675320731203,0.0321366721031363,0.38502633617045506,True,True,True,ok,1.7538807313505957
6 - Posterior Release,Posterior Release,3,97.51785766666664,101.91796666666664,10.816666666666654,-0.23068320686942764,1.2276083533330477,-0.5301146877471479,4,force_zero_band,80.49935133333396,10.61544946032675,79.27174298000091,10.45356474677272,1.0,4.0,0.060492015371937824,1.477764158478506,1.417272143106568,2.116742373433091,ok,True,20,18,0,0.0,0.9804752886166965,0.021605957294220778,0.083105757813785,True,True,True,ok,2.116742373433091
6 - Posterior Release,Posterior Release,4,135.08510266666664,139.28529666666665,10.816666666666654,-0.23068320686942764,9.057277253332915,0.23555702024599356,10,preramp_median_fallback,49.156310129999675,6.482242616843058,40.09903287666676,5.287859465446045,1.0,4.0,0.8106024562121421,1.9909433777154115,1.1803409215032694,2.5416385599672613,ok,True,50,38,0,0.0,0.851989587766116,0.08025954911164378,0.6644148421696253,True,True,True,ok,2.5416385599672613
6 - Posterior Release,Posterior Release,6,163.71898666666667,167.95238466666666,10.816666666666654,-0.23068320686942764,4.342614586666658,0.038183924446851925,10,preramp_median_fallback,45.80838,6.040751070600001,41.465765413333344,5.468090485056268,1.0,4.0,0.23111153049864389,3.1900909209244124,2.9589793904257684,1.013863094047549,ok,True,65,47,1,0.02127659574468085,0.927301466379338,0.03108392084280329,0.4788602251573339,True,True,True,ok,1.013863094047549
6 - Posterior Release,Posterior Release,7,190.65282566666667,194.71947366666666,10.816666666666654,-0.23068320686942764,2.500339392333485,0.5901901462087698,3,force_zero_band,50.68945280999985,6.68441814205468,48.18911341766636,6.354698386387663,1.0,4.0,-0.8038299214532543,0.5938877261192578,1.3977176475725122,2.1463562438452812,ok,True,34,31,0,0.0,0.9431712837629733,0.06356023126279157,0.36211773908388645,True,True,True,ok,2.1463562438452812
6 - Posterior Release,Posterior Release,8,215.51972766666665,216.38654866666667,10.816666666666654,-0.23068320686942764,17.239908864332296,2.190940057555634,3,force_zero_band,26.743633355333962,3.52668293056789,9.503724491001666,1.2532561486283897,1.0,4.0,,,,,mhigh_not_reached_on_final_climb,False,10,4,4,1.0,-0.5328425536267879,0.00754058321766425,0.08581112198259275,True,False,False,monotonicity_gate,
6 - Posterior Release,Posterior Release,9,231.85342466666665,236.78680266666666,10.816666666666654,-0.23068320686942764,8.83497295333342,-0.14394150117746735,10,preramp_median_fallback,101.41056432266649,13.37301111723003,92.57559136933307,12.207943233873952,1.0,4.0,-0.019041718970017767,1.5627698999378543,1.5818116189078721,1.8965595928997447,ok,True,35,28,1,0.03571428571428571,0.8342275929734595,0.053864780891643614,0.5653150017475698,True,True,True,ok,1.8965595928997447
6 - Posterior Release,Posterior Release,10,264.3205786666667,269.2206546666667,10.816666666666654,-0.23068320686942764,3.1920055120005775,-0.16330300231384223,3,force_zero_band,104.8685405720002,13.829014445229665,101.67653505999962,13.408084678362151,1.0,4.0,0.11921794835039848,1.0064615115730478,0.8872435632226493,3.3812586806529077,ok,True,40,22,10,0.45454545454545453,-0.017838544991610868,0.19559681376117735,1.343174800426736,False,False,False,geometry_gate+monotonicity_gate,
6 - Posterior Release,Posterior Release,11,305.55463066666664,314.8214066666667,10.816666666666654,-0.23068320686942764,3.0810492493340114,0.56994279897838,3,force_zero_band,103.75153579999937,13.681715025945918,100.67048655066536,13.275417061436242,1.0,4.0,0.6143752352194038,-0.14418216700751615,-0.75855740222692,,dtheta_too_small,False,19,16,11,0.6875,0.15444644343136973,0.29367141398845853,2.0656410157424285,False,False,False,geometry_gate+monotonicity_gate,
6 - Posterior Release,Posterior Release,12,346.3886576666667,351.92200866666667,10.816666666666654,-0.23068320686942764,2.8729787066675683,0.5946299436282139,10,preramp_median_fallback,116.24578698466715,15.329331929668056,113.37280827799958,14.950472227619805,1.0,4.0,-0.09481955811201309,-0.05085993774997608,0.04395962036203701,,dtheta_too_small,False,15,14,10,0.7142857142857143,-0.8228380025610672,0.22702999227319687,1.9649823028240019,False,False,False,geometry_gate+monotonicity_gate,
7 - SPO,SPO,1,31.76702433333332,34.967008333333325,10.73333333333332,-0.37513050973260986,4.1053925299997545,-0.08875196559669707,5,force_zero_band,104.69185734166648,13.805715227645559,100.58646481166673,13.264337114714492,1.0,4.0,0.6004553652738428,2.6626846949239216,2.0622293296500787,1.4547363655762977,ok,True,27,24,0,0.0,0.9138594345159368,0.02397294539585043,0.08440286611425253,True,True,True,ok,1.4547363655762977
7 - SPO,SPO,2,65.30086233333333,69.50100533333332,10.73333333333332,-0.37513050973260986,4.224799976666689,0.161294785537458,10,preramp_median_fallback,111.28842798133358,14.67560499789846,107.0636280046669,14.118480624975424,1.0,4.0,1.0447091128580346,2.56783491444916,1.5231258015911253,1.969633760301392,ok,True,29,23,0,0.0,0.9313652955686018,0.06516469065373368,0.1749909526554223,True,True,True,ok,1.969633760301392
7 - SPO,SPO,3,101.60154633333332,105.16817533333332,10.73333333333332,-0.37513050973260986,5.522545725999264,0.17031479693212287,10,preramp_median_fallback,102.1206318953329,13.46664772803755,96.59808616933364,12.738389623150027,1.0,4.0,1.128615428268856,2.7921249608258094,1.6635095325569533,1.8034161760340195,ok,True,30,25,1,0.04,0.9736454453320721,0.05106131326902284,0.21610684255257512,True,True,True,ok,1.8034161760340195
7 - SPO,SPO,4,156.96903333333333,160.56910933333333,10.73333333333332,-0.37513050973260986,6.364919966666757,5.391152017164188,3,force_zero_band,43.19509526933343,5.696137213167,36.830175302666674,4.856795217162655,1.0,4.0,0.2541124979681341,3.5410165365722754,3.2869040386041415,0.9127129860700217,ok,True,58,42,0,0.0,0.9454427823069071,0.06008857089716552,0.28834723611947277,True,True,True,ok,0.9127129860700217
7 - SPO,SPO,5,184.60294933333333,187.70297933333333,10.73333333333332,-0.37513050973260986,12.162690000000001,5.580820586696121,10,preramp_median_fallback,26.39421339333336,3.48060492017887,14.231523393333358,1.8767109898788699,1.0,4.0,,,,,mhigh_not_reached_on_final_climb,False,59,30,5,0.16666666666666666,0.733434867583506,0.03576723869472969,0.3366594496626224,True,True,True,ok,
7 - SPO,SPO,6,193.7697543333333,194.23633733333332,10.73333333333332,-0.37513050973260986,21.030043385667977,7.983274069617361,6,force_zero_band,24.47525954666652,3.2275524764189143,3.4452161609985446,0.4543206551508781,1.0,4.0,,,,,mhigh_not_reached_on_final_climb,False,0,9,6,0.6666666666666666,-0.6777055183958546,0.004548667498054556,0.027591324606488523,True,False,False,monotonicity_gate,
7 - SPO,SPO,7,193.7697543333333,195.2362873333333,10.73333333333332,-0.37513050973260986,21.030043385667977,7.983274069617361,6,force_zero_band,26.011953380665958,3.4301962923084197,4.981909994997981,0.6569644710403837,1.0,4.0,,,,,mhigh_not_reached_on_final_climb,False,0,24,7,0.2916666666666667,0.779013166123405,0.02234824722808612,0.06929937576729261,True,True,True,ok,
7 - SPO,SPO,8,196.83636133333331,197.16974233333332,10.73333333333332,-0.37513050973260986,22.246120014666,8.143925946725187,10,preramp_median_fallback,24.452470212333267,3.224547246900388,2.206350197667266,0.2909514005663824,1.0,4.0,,,,,mhigh_not_reached_on_final_climb,False,0,8,8,1.0,-0.9640577318633605,0.005523938506732819,0.07431598461039772,True,False,False,monotonicity_gate,
7 - SPO,SPO,9,198.0363603333333,198.53639533333333,10.73333333333332,-0.37513050973260986,20.846291999668466,8.027793616420603,10,preramp_median_fallback,24.25927,3.1990699349000002,3.4129780003315346,0.4500694089037195,1.0,4.0,,,,,mhigh_not_reached_on_final_climb,False,0,11,9,0.8181818181818182,-0.8359030999478072,0.006273637380242564,0.08471978662932012,True,False,False,monotonicity_gate,
7 - SPO,SPO,10,206.96994633333333,209.7365443333333,10.73333333333332,-0.37513050973260986,7.795733052666138,3.1409819231734617,10,preramp_median_fallback,28.838266760999257,3.802902237772972,21.042533708333117,2.7748789201178883,1.0,4.0,,,,,mhigh_not_reached_on_final_climb,False,75,46,2,0.043478260869565216,0.8527661977286783,0.04354775273071406,0.5540770597078043,True,True,True,ok,
7 - SPO,SPO,11,213.10333333333332,213.60333433333332,10.73333333333332,-0.37513050973260986,21.72538333333377,8.326504739344076,6,force_zero_band,23.840620056666747,3.143862566872644,2.115236723332977,0.2789362667059197,1.0,4.0,,,,,mhigh_not_reached_on_final_climb,False,0,9,9,1.0,-0.9325304709196672,0.005365882244795114,0.009230923924063345,True,False,False,monotonicity_gate,
7 - SPO,SPO,12,215.9366643333333,217.27009633333333,10.73333333333332,-0.37513050973260986,18.971196270000448,8.184912450283502,10,preramp_median_fallback,25.25143676333323,3.3299069659807534,6.280240493332784,0.8281753138557942,1.0,4.0,,,,,mhigh_not_reached_on_final_climb,False,0,26,17,0.6538461538461539,0.40962738521072145,0.012509824326497509,0.3036535748974409,True,False,False,monotonicity_gate,
7 - SPO,SPO,13,215.9366643333333,217.8367353333333,10.73333333333332,-0.37513050973260986,18.971196270000448,8.184912450283502,10,preramp_median_fallback,23.378370553333127,3.0829057248680396,4.4071742833326795,0.5811740727430805,1.0,4.0,,,,,mhigh_not_reached_on_final_climb,False,0,33,21,0.6363636363636364,0.5829951532982766,0.011949138005674329,0.30090867335296423,True,False,False,monotonicity_gate,
7 - SPO,SPO,14,236.1038003333333,240.6037323333333,10.73333333333332,-0.37513050973260986,3.8722143696681033,-0.8439838041100624,6,force_zero_band,88.0305051789997,11.60858271795469,84.1582908093316,11.09795380902656,1.0,4.0,1.0798278509321606,2.094529452772983,1.0147016018408226,2.9565342111981936,ok,True,27,20,9,0.45,0.8515640611745351,0.13211186881584644,0.5570795348764707,True,False,False,monotonicity_gate,
7 - SPO,SPO,15,272.2709883333333,277.20437233333337,10.73333333333332,-0.37513050973260986,2.8946340550003544,-0.07817547625481769,10,preramp_median_fallback,97.1941688876647,12.816995051216345,94.29953483266435,12.435279658383449,1.0,4.0,-0.06007395217806954,1.941714419774585,2.0017883719526544,1.4986599193168633,ok,True,36,32,6,0.1875,0.8687467717080508,0.11179854773509453,0.44728497447849885,True,True,True,ok,1.4986599193168633
7 - SPO,SPO,16,305.2714863333333,309.2714963333333,10.73333333333332,-0.37513050973260986,2.6663934563333562,0.31307849114842123,10,preramp_median_fallback,94.46901076333317,12.457628449360746,91.80261730699982,12.106011144274067,1.0,4.0,-0.6215753341699822,1.3334310750810627,1.955006409251045,1.5345218234600508,ok,True,29,23,1,0.043478260869565216,0.9275145462719295,0.07971841535063028,0.31857822392980767,True,True,True,ok,1.5345218234600508
